     l           C_l
   100  1.073538E-10
   101  1.067684E-10
   102  1.061696E-10
   103  1.055609E-10
   104  1.049458E-10
   105  1.043276E-10
   106  1.037096E-10
   107  1.030948E-10
   108  1.024862E-10
   109  1.018869E-10
   110  1.012996E-10
   111  1.007272E-10
   112  1.001723E-10
   113  9.963786E-11
   114  9.912634E-11
   115  9.864038E-11
   116  9.818235E-11
   117  9.775433E-11
   118  9.735785E-11
   119  9.699388E-11
   120  9.666280E-11
   121  9.636446E-11
   122  9.609833E-11
   123  9.586353E-11
   124  9.565894E-11
   125  9.548327E-11
   126  9.533516E-11
   127  9.521315E-11
   128  9.511574E-11
   129  9.504141E-11
   130  9.498858E-11
   131  9.495566E-11
   132  9.494102E-11
   133  9.494299E-11
   134  9.495988E-11
   135  9.498998E-11
   136  9.503153E-11
   137  9.508270E-11
   138  9.514152E-11
   139  9.520588E-11
   140  9.527355E-11
   141  9.534209E-11
   142  9.540892E-11
   143  9.547126E-11
   144  9.552624E-11
   145  9.557085E-11
   146  9.560202E-11
   147  9.561666E-11
   148  9.561169E-11
   149  9.558403E-11
   150  9.553068E-11
   151  9.544871E-11
   152  9.533529E-11
   153  9.518770E-11
   154  9.500340E-11
   155  9.478022E-11
   156  9.451648E-11
   157  9.421093E-11
   158  9.386312E-11
   159  9.347324E-11
   160  9.304230E-11
   161  9.257201E-11
   162  9.206483E-11
   163  9.152372E-11
   164  9.095224E-11
   165  9.035432E-11
   166  8.973421E-11
   167  8.909639E-11
   168  8.844553E-11
   169  8.778635E-11
   170  8.712361E-11
   171  8.646208E-11
   172  8.580643E-11
   173  8.516121E-11
   174  8.453070E-11
   175  8.391881E-11
   176  8.332894E-11
   177  8.276384E-11
   178  8.222567E-11
   179  8.171571E-11
   180  8.123466E-11
   181  8.078240E-11
   182  8.035821E-11
   183  7.996081E-11
   184  7.958836E-11
   185  7.923864E-11
   186  7.890906E-11
   187  7.859677E-11
   188  7.829872E-11
   189  7.801173E-11
   190  7.773251E-11
   191  7.745771E-11
   192  7.718398E-11
   193  7.690825E-11
   194  7.662764E-11
   195  7.633981E-11
   196  7.604269E-11
   197  7.573491E-11
   198  7.541546E-11
   199  7.508400E-11
   200  7.474066E-11
   201  7.438608E-11
   202  7.402137E-11
   203  7.364801E-11
   204  7.326786E-11
   205  7.288304E-11
   206  7.249595E-11
   207  7.210915E-11
   208  7.172542E-11
   209  7.134772E-11
   210  7.097898E-11
   211  7.062221E-11
   212  7.028002E-11
   213  6.995481E-11
   214  6.964850E-11
   215  6.936260E-11
   216  6.909807E-11
   217  6.885539E-11
   218  6.863451E-11
   219  6.843491E-11
   220  6.825561E-11
   221  6.809517E-11
   222  6.795184E-11
   223  6.782349E-11
   224  6.770776E-11
   225  6.760200E-11
   226  6.750330E-11
   227  6.740863E-11
   228  6.731479E-11
   229  6.721855E-11
   230  6.711667E-11
   231  6.700625E-11
   232  6.688458E-11
   233  6.674934E-11
   234  6.659876E-11
   235  6.643129E-11
   236  6.624613E-11
   237  6.604268E-11
   238  6.582098E-11
   239  6.558142E-11
   240  6.532476E-11
   241  6.505220E-11
   242  6.476516E-11
   243  6.446551E-11
   244  6.415526E-11
   245  6.383672E-11
   246  6.351231E-11
   247  6.318467E-11
   248  6.285639E-11
   249  6.253025E-11
   250  6.220872E-11
   251  6.189410E-11
   252  6.158858E-11
   253  6.129380E-11
   254  6.101127E-11
   255  6.074207E-11
   256  6.048685E-11
   257  6.024606E-11
   258  6.001960E-11
   259  5.980724E-11
   260  5.960827E-11
   261  5.942175E-11
   262  5.924653E-11
   263  5.908113E-11
   264  5.892398E-11
   265  5.877324E-11
   266  5.862700E-11
   267  5.848325E-11
   268  5.833987E-11
   269  5.819490E-11
   270  5.804646E-11
   271  5.789272E-11
   272  5.773216E-11
   273  5.756349E-11
   274  5.738549E-11
   275  5.719742E-11
   276  5.699865E-11
   277  5.678877E-11
   278  5.656771E-11
   279  5.633548E-11
   280  5.609243E-11
   281  5.583901E-11
   282  5.557585E-11
   283  5.530381E-11
   284  5.502379E-11
   285  5.473687E-11
   286  5.444418E-11
   287  5.414694E-11
   288  5.384640E-11
   289  5.354374E-11
   290  5.324022E-11
   291  5.293701E-11
   292  5.263517E-11
   293  5.233578E-11
   294  5.203989E-11
   295  5.174844E-11
   296  5.146241E-11
   297  5.118265E-11
   298  5.091000E-11
   299  5.064528E-11
   300  5.038926E-11
   301  5.014262E-11
   302  4.990609E-11
   303  4.968035E-11
   304  4.946604E-11
   305  4.926376E-11
   306  4.907413E-11
   307  4.889774E-11
   308  4.873498E-11
   309  4.858629E-11
   310  4.845204E-11
   311  4.833234E-11
   312  4.822719E-11
   313  4.813658E-11
   314  4.806018E-11
   315  4.799758E-11
   316  4.794826E-11
   317  4.791140E-11
   318  4.788612E-11
   319  4.787141E-11
   320  4.786600E-11
   321  4.786855E-11
   322  4.787760E-11
   323  4.789149E-11
   324  4.790853E-11
   325  4.792691E-11
   326  4.794474E-11
   327  4.796032E-11
   328  4.797188E-11
   329  4.797759E-11
   330  4.797605E-11
   331  4.796591E-11
   332  4.794573E-11
   333  4.791451E-11
   334  4.787154E-11
   335  4.781605E-11
   336  4.774754E-11
   337  4.766598E-11
   338  4.757136E-11
   339  4.746379E-11
   340  4.734387E-11
   341  4.721224E-11
   342  4.706967E-11
   343  4.691727E-11
   344  4.675623E-11
   345  4.658780E-11
   346  4.641337E-11
   347  4.623432E-11
   348  4.605211E-11
   349  4.586820E-11
   350  4.568391E-11
   351  4.550055E-11
   352  4.531951E-11
   353  4.514181E-11
   354  4.496846E-11
   355  4.480053E-11
   356  4.463872E-11
   357  4.448357E-11
   358  4.433571E-11
   359  4.419551E-11
   360  4.406308E-11
   361  4.393851E-11
   362  4.382183E-11
   363  4.371280E-11
   364  4.361110E-11
   365  4.351645E-11
   366  4.342836E-11
   367  4.334624E-11
   368  4.326958E-11
   369  4.319780E-11
   370  4.313027E-11
   371  4.306635E-11
   372  4.300545E-11
   373  4.294702E-11
   374  4.289050E-11
   375  4.283534E-11
   376  4.278111E-11
   377  4.272744E-11
   378  4.267394E-11
   379  4.262030E-11
   380  4.256636E-11
   381  4.251194E-11
   382  4.245688E-11
   383  4.240119E-11
   384  4.234490E-11
   385  4.228800E-11
   386  4.223062E-11
   387  4.217295E-11
   388  4.211508E-11
   389  4.205714E-11
   390  4.199935E-11
   391  4.194190E-11
   392  4.188487E-11
   393  4.182840E-11
   394  4.177264E-11
   395  4.171768E-11
   396  4.166354E-11
   397  4.161023E-11
   398  4.155779E-11
   399  4.150613E-11
   400  4.145513E-11
   401  4.140467E-11
   402  4.135460E-11
   403  4.130470E-11
   404  4.125473E-11
   405  4.120447E-11
   406  4.115362E-11
   407  4.110192E-11
   408  4.104911E-11
   409  4.099496E-11
   410  4.093915E-11
   411  4.088143E-11
   412  4.082165E-11
   413  4.075961E-11
   414  4.069505E-11
   415  4.062785E-11
   416  4.055794E-11
   417  4.048520E-11
   418  4.040954E-11
   419  4.033095E-11
   420  4.024945E-11
   421  4.016508E-11
   422  4.007785E-11
   423  3.998787E-11
   424  3.989526E-11
   425  3.980015E-11
   426  3.970265E-11
   427  3.960293E-11
   428  3.950114E-11
   429  3.939744E-11
   430  3.929201E-11
   431  3.918502E-11
   432  3.907666E-11
   433  3.896709E-11
   434  3.885653E-11
   435  3.874515E-11
   436  3.863313E-11
   437  3.852062E-11
   438  3.840783E-11
   439  3.829494E-11
   440  3.818211E-11
   441  3.806949E-11
   442  3.795725E-11
   443  3.784554E-11
   444  3.773449E-11
   445  3.762428E-11
   446  3.751503E-11
   447  3.740686E-11
   448  3.729990E-11
   449  3.719427E-11
   450  3.709007E-11
   451  3.698738E-11
   452  3.688626E-11
   453  3.678681E-11
   454  3.668908E-11
   455  3.659312E-11
   456  3.649894E-11
   457  3.640656E-11
   458  3.631598E-11
   459  3.622719E-11
   460  3.614017E-11
   461  3.605484E-11
   462  3.597113E-11
   463  3.588895E-11
   464  3.580818E-11
   465  3.572871E-11
   466  3.565041E-11
   467  3.557310E-11
   468  3.549662E-11
   469  3.542077E-11
   470  3.534539E-11
   471  3.527026E-11
   472  3.519517E-11
   473  3.511989E-11
   474  3.504420E-11
   475  3.496789E-11
   476  3.489076E-11
   477  3.481257E-11
   478  3.473311E-11
   479  3.465218E-11
   480  3.456967E-11
   481  3.448547E-11
   482  3.439945E-11
   483  3.431150E-11
   484  3.422155E-11
   485  3.412962E-11
   486  3.403572E-11
   487  3.393989E-11
   488  3.384215E-11
   489  3.374261E-11
   490  3.364140E-11
   491  3.353869E-11
   492  3.343464E-11
   493  3.332943E-11
   494  3.322325E-11
   495  3.311636E-11
   496  3.300899E-11
   497  3.290140E-11
   498  3.279382E-11
   499  3.268645E-11
   500  3.257948E-11
   501  3.247312E-11
   502  3.236758E-11
   503  3.226307E-11
   504  3.215969E-11
   505  3.205753E-11
   506  3.195668E-11
   507  3.185725E-11
   508  3.175934E-11
   509  3.166292E-11
   510  3.156797E-11
   511  3.147446E-11
   512  3.138238E-11
   513  3.129169E-11
   514  3.120228E-11
   515  3.111403E-11
   516  3.102683E-11
   517  3.094059E-11
   518  3.085519E-11
   519  3.077052E-11
   520  3.068643E-11
   521  3.060280E-11
   522  3.051950E-11
   523  3.043644E-11
   524  3.035352E-11
   525  3.027066E-11
   526  3.018776E-11
   527  3.010472E-11
   528  3.002147E-11
   529  2.993800E-11
   530  2.985426E-11
   531  2.977022E-11
   532  2.968584E-11
   533  2.960110E-11
   534  2.951602E-11
   535  2.943061E-11
   536  2.934490E-11
   537  2.925887E-11
   538  2.917254E-11
   539  2.908594E-11
   540  2.899911E-11
   541  2.891209E-11
   542  2.882488E-11
   543  2.873750E-11
   544  2.864998E-11
   545  2.856233E-11
   546  2.847460E-11
   547  2.838678E-11
   548  2.829888E-11
   549  2.821090E-11
   550  2.812284E-11
   551  2.803471E-11
   552  2.794650E-11
   553  2.785820E-11
   554  2.776977E-11
   555  2.768121E-11
   556  2.759248E-11
   557  2.750360E-11
   558  2.741453E-11
   559  2.732526E-11
   560  2.723574E-11
   561  2.714596E-11
   562  2.705593E-11
   563  2.696564E-11
   564  2.687508E-11
   565  2.678424E-11
   566  2.669311E-11
   567  2.660170E-11
   568  2.651004E-11
   569  2.641814E-11
   570  2.632602E-11
   571  2.623370E-11
   572  2.614123E-11
   573  2.604865E-11
   574  2.595603E-11
   575  2.586340E-11
   576  2.577080E-11
   577  2.567827E-11
   578  2.558587E-11
   579  2.549369E-11
   580  2.540179E-11
   581  2.531023E-11
   582  2.521903E-11
   583  2.512825E-11
   584  2.503796E-11
   585  2.494823E-11
   586  2.485913E-11
   587  2.477068E-11
   588  2.468290E-11
   589  2.459584E-11
   590  2.450954E-11
   591  2.442404E-11
   592  2.433938E-11
   593  2.425558E-11
   594  2.417268E-11
   595  2.409070E-11
   596  2.400966E-11
   597  2.392957E-11
   598  2.385045E-11
   599  2.377231E-11
   600  2.369518E-11
   601  2.361909E-11
   602  2.354405E-11
   603  2.347006E-11
   604  2.339714E-11
   605  2.332531E-11
   606  2.325459E-11
   607  2.318502E-11
   608  2.311662E-11
   609  2.304940E-11
   610  2.298337E-11
   611  2.291853E-11
   612  2.285488E-11
   613  2.279244E-11
   614  2.273122E-11
   615  2.267122E-11
   616  2.261244E-11
   617  2.255486E-11
   618  2.249845E-11
   619  2.244317E-11
   620  2.238900E-11
   621  2.233589E-11
   622  2.228381E-11
   623  2.223269E-11
   624  2.218247E-11
   625  2.213305E-11
   626  2.208435E-11
   627  2.203628E-11
   628  2.198878E-11
   629  2.194175E-11
   630  2.189510E-11
   631  2.184870E-11
   632  2.180245E-11
   633  2.175628E-11
   634  2.171011E-11
   635  2.166387E-11
   636  2.161750E-11
   637  2.157091E-11
   638  2.152403E-11
   639  2.147684E-11
   640  2.142930E-11
   641  2.138142E-11
   642  2.133318E-11
   643  2.128458E-11
   644  2.123562E-11
   645  2.118635E-11
   646  2.113681E-11
   647  2.108706E-11
   648  2.103716E-11
   649  2.098719E-11
   650  2.093723E-11
   651  2.088736E-11
   652  2.083768E-11
   653  2.078823E-11
   654  2.073910E-11
   655  2.069034E-11
   656  2.064205E-11
   657  2.059434E-11
   658  2.054727E-11
   659  2.050089E-11
   660  2.045521E-11
   661  2.041027E-11
   662  2.036609E-11
   663  2.032274E-11
   664  2.028025E-11
   665  2.023863E-11
   666  2.019781E-11
   667  2.015779E-11
   668  2.011852E-11
   669  2.007997E-11
   670  2.004213E-11
   671  2.000500E-11
   672  1.996850E-11
   673  1.993261E-11
   674  1.989725E-11
   675  1.986239E-11
   676  1.982799E-11
   677  1.979399E-11
   678  1.976036E-11
   679  1.972707E-11
   680  1.969409E-11
   681  1.966139E-11
   682  1.962894E-11
   683  1.959671E-11
   684  1.956466E-11
   685  1.953278E-11
   686  1.950110E-11
   687  1.946963E-11
   688  1.943838E-11
   689  1.940735E-11
   690  1.937648E-11
   691  1.934580E-11
   692  1.931532E-11
   693  1.928509E-11
   694  1.925513E-11
   695  1.922548E-11
   696  1.919611E-11
   697  1.916702E-11
   698  1.913824E-11
   699  1.910980E-11
   700  1.908173E-11
   701  1.905405E-11
   702  1.902676E-11
   703  1.899987E-11
   704  1.897338E-11
   705  1.894732E-11
   706  1.892168E-11
   707  1.889649E-11
   708  1.887173E-11
   709  1.884740E-11
   710  1.882353E-11
   711  1.880011E-11
   712  1.877713E-11
   713  1.875456E-11
   714  1.873238E-11
   715  1.871057E-11
   716  1.868915E-11
   717  1.866812E-11
   718  1.864745E-11
   719  1.862709E-11
   720  1.860702E-11
   721  1.858720E-11
   722  1.856762E-11
   723  1.854828E-11
   724  1.852915E-11
   725  1.851017E-11
   726  1.849132E-11
   727  1.847252E-11
   728  1.845378E-11
   729  1.843508E-11
   730  1.841639E-11
   731  1.839769E-11
   732  1.837895E-11
   733  1.836013E-11
   734  1.834121E-11
   735  1.832217E-11
   736  1.830299E-11
   737  1.828364E-11
   738  1.826411E-11
   739  1.824437E-11
   740  1.822443E-11
   741  1.820428E-11
   742  1.818390E-11
   743  1.816329E-11
   744  1.814242E-11
   745  1.812132E-11
   746  1.809999E-11
   747  1.807843E-11
   748  1.805665E-11
   749  1.803462E-11
   750  1.801235E-11
   751  1.798984E-11
   752  1.796710E-11
   753  1.794416E-11
   754  1.792103E-11
   755  1.789771E-11
   756  1.787420E-11
   757  1.785052E-11
   758  1.782669E-11
   759  1.780269E-11
   760  1.777854E-11
   761  1.775423E-11
   762  1.772976E-11
   763  1.770515E-11
   764  1.768040E-11
   765  1.765552E-11
   766  1.763050E-11
   767  1.760534E-11
   768  1.758002E-11
   769  1.755452E-11
   770  1.752886E-11
   771  1.750302E-11
   772  1.747699E-11
   773  1.745076E-11
   774  1.742430E-11
   775  1.739758E-11
   776  1.737058E-11
   777  1.734333E-11
   778  1.731580E-11
   779  1.728799E-11
   780  1.725989E-11
   781  1.723147E-11
   782  1.720274E-11
   783  1.717366E-11
   784  1.714424E-11
   785  1.711446E-11
   786  1.708434E-11
   787  1.705390E-11
   788  1.702317E-11
   789  1.699214E-11
   790  1.696084E-11
   791  1.692927E-11
   792  1.689745E-11
   793  1.686539E-11
   794  1.683312E-11
   795  1.680069E-11
   796  1.676812E-11
   797  1.673541E-11
   798  1.670260E-11
   799  1.666971E-11
   800  1.663676E-11
   801  1.660380E-11
   802  1.657086E-11
   803  1.653799E-11
   804  1.650519E-11
   805  1.647246E-11
   806  1.643980E-11
   807  1.640722E-11
   808  1.637473E-11
   809  1.634234E-11
   810  1.631006E-11
   811  1.627792E-11
   812  1.624593E-11
   813  1.621408E-11
   814  1.618234E-11
   815  1.615071E-11
   816  1.611916E-11
   817  1.608769E-11
   818  1.605629E-11
   819  1.602496E-11
   820  1.599368E-11
   821  1.596242E-11
   822  1.593115E-11
   823  1.589986E-11
   824  1.586854E-11
   825  1.583719E-11
   826  1.580582E-11
   827  1.577441E-11
   828  1.574295E-11
   829  1.571141E-11
   830  1.567975E-11
   831  1.564794E-11
   832  1.561601E-11
   833  1.558398E-11
   834  1.555185E-11
   835  1.551963E-11
   836  1.548733E-11
   837  1.545494E-11
   838  1.542245E-11
   839  1.538985E-11
   840  1.535715E-11
   841  1.532438E-11
   842  1.529158E-11
   843  1.525875E-11
   844  1.522588E-11
   845  1.519299E-11
   846  1.516005E-11
   847  1.512708E-11
   848  1.509409E-11
   849  1.506112E-11
   850  1.502819E-11
   851  1.499530E-11
   852  1.496244E-11
   853  1.492960E-11
   854  1.489675E-11
   855  1.486390E-11
   856  1.483105E-11
   857  1.479821E-11
   858  1.476542E-11
   859  1.473268E-11
   860  1.469995E-11
   861  1.466720E-11
   862  1.463441E-11
   863  1.460160E-11
   864  1.456877E-11
   865  1.453595E-11
   866  1.450315E-11
   867  1.447041E-11
   868  1.443768E-11
   869  1.440495E-11
   870  1.437219E-11
   871  1.433943E-11
   872  1.430668E-11
   873  1.427398E-11
   874  1.424135E-11
   875  1.420883E-11
   876  1.417640E-11
   877  1.414405E-11
   878  1.411177E-11
   879  1.407958E-11
   880  1.404753E-11
   881  1.401562E-11
   882  1.398387E-11
   883  1.395228E-11
   884  1.392084E-11
   885  1.388953E-11
   886  1.385831E-11
   887  1.382719E-11
   888  1.379620E-11
   889  1.376540E-11
   890  1.373477E-11
   891  1.370430E-11
   892  1.367395E-11
   893  1.364369E-11
   894  1.361348E-11
   895  1.358328E-11
   896  1.355312E-11
   897  1.352302E-11
   898  1.349301E-11
   899  1.346306E-11
   900  1.343314E-11
   901  1.340324E-11
   902  1.337334E-11
   903  1.334342E-11
   904  1.331350E-11
   905  1.328360E-11
   906  1.325376E-11
   907  1.322396E-11
   908  1.319416E-11
   909  1.316436E-11
   910  1.313456E-11
   911  1.310477E-11
   912  1.307502E-11
   913  1.304535E-11
   914  1.301581E-11
   915  1.298641E-11
   916  1.295711E-11
   917  1.292787E-11
   918  1.289870E-11
   919  1.286962E-11
   920  1.284062E-11
   921  1.281176E-11
   922  1.278305E-11
   923  1.275451E-11
   924  1.272615E-11
   925  1.269791E-11
   926  1.266976E-11
   927  1.264170E-11
   928  1.261377E-11
   929  1.258597E-11
   930  1.255829E-11
   931  1.253075E-11
   932  1.250335E-11
   933  1.247605E-11
   934  1.244882E-11
   935  1.242165E-11
   936  1.239456E-11
   937  1.236758E-11
   938  1.234072E-11
   939  1.231397E-11
   940  1.228732E-11
   941  1.226075E-11
   942  1.223423E-11
   943  1.220773E-11
   944  1.218129E-11
   945  1.215494E-11
   946  1.212872E-11
   947  1.210260E-11
   948  1.207661E-11
   949  1.205070E-11
   950  1.202485E-11
   951  1.199905E-11
   952  1.197329E-11
   953  1.194757E-11
   954  1.192193E-11
   955  1.189640E-11
   956  1.187095E-11
   957  1.184556E-11
   958  1.182023E-11
   959  1.179495E-11
   960  1.176972E-11
   961  1.174454E-11
   962  1.171944E-11
   963  1.169441E-11
   964  1.166947E-11
   965  1.164458E-11
   966  1.161973E-11
   967  1.159493E-11
   968  1.157019E-11
   969  1.154553E-11
   970  1.152100E-11
   971  1.149661E-11
   972  1.147239E-11
   973  1.144833E-11
   974  1.142442E-11
   975  1.140066E-11
   976  1.137705E-11
   977  1.135359E-11
   978  1.133031E-11
   979  1.130723E-11
   980  1.128436E-11
   981  1.126172E-11
   982  1.123930E-11
   983  1.121711E-11
   984  1.119512E-11
   985  1.117335E-11
   986  1.115180E-11
   987  1.113045E-11
   988  1.110930E-11
   989  1.108832E-11
   990  1.106749E-11
   991  1.104680E-11
   992  1.102623E-11
   993  1.100577E-11
   994  1.098542E-11
   995  1.096518E-11
   996  1.094505E-11
   997  1.092502E-11
   998  1.090507E-11
   999  1.088518E-11
  1000  1.086534E-11
  1001  1.084553E-11
  1002  1.082575E-11
  1003  1.080600E-11
  1004  1.078628E-11
  1005  1.076660E-11
  1006  1.074697E-11
  1007  1.072741E-11
  1008  1.070792E-11
  1009  1.068852E-11
  1010  1.066920E-11
  1011  1.064998E-11
  1012  1.063086E-11
  1013  1.061187E-11
  1014  1.059301E-11
  1015  1.057427E-11
  1016  1.055566E-11
  1017  1.053720E-11
  1018  1.051889E-11
  1019  1.050074E-11
  1020  1.048277E-11
  1021  1.046497E-11
  1022  1.044735E-11
  1023  1.042992E-11
  1024  1.041268E-11
  1025  1.039562E-11
  1026  1.037872E-11
  1027  1.036197E-11
  1028  1.034537E-11
  1029  1.032890E-11
  1030  1.031258E-11
  1031  1.029637E-11
  1032  1.028029E-11
  1033  1.026432E-11
  1034  1.024846E-11
  1035  1.023271E-11
  1036  1.021706E-11
  1037  1.020149E-11
  1038  1.018599E-11
  1039  1.017057E-11
  1040  1.015522E-11
  1041  1.013993E-11
  1042  1.012471E-11
  1043  1.010952E-11
  1044  1.009439E-11
  1045  1.007931E-11
  1046  1.006429E-11
  1047  1.004933E-11
  1048  1.003444E-11
  1049  1.001961E-11
  1050  1.000486E-11
  1051  9.990198E-12
  1052  9.975617E-12
  1053  9.961105E-12
  1054  9.946655E-12
  1055  9.932275E-12
  1056  9.917970E-12
  1057  9.903738E-12
  1058  9.889581E-12
  1059  9.875497E-12
  1060  9.861484E-12
  1061  9.847546E-12
  1062  9.833687E-12
  1063  9.819906E-12
  1064  9.806184E-12
  1065  9.792511E-12
  1066  9.778882E-12
  1067  9.765291E-12
  1068  9.751728E-12
  1069  9.738181E-12
  1070  9.724633E-12
  1071  9.711073E-12
  1072  9.697515E-12
  1073  9.683974E-12
  1074  9.670445E-12
  1075  9.656920E-12
  1076  9.643396E-12
  1077  9.629870E-12
  1078  9.616336E-12
  1079  9.602791E-12
  1080  9.589225E-12
  1081  9.575627E-12
  1082  9.561995E-12
  1083  9.548347E-12
  1084  9.534702E-12
  1085  9.521067E-12
  1086  9.507448E-12
  1087  9.493849E-12
  1088  9.480277E-12
  1089  9.466738E-12
  1090  9.453239E-12
  1091  9.439768E-12
  1092  9.426308E-12
  1093  9.412853E-12
  1094  9.399416E-12
  1095  9.386005E-12
  1096  9.372626E-12
  1097  9.359286E-12
  1098  9.345992E-12
  1099  9.332757E-12
  1100  9.319590E-12
  1101  9.306495E-12
  1102  9.293459E-12
  1103  9.280457E-12
  1104  9.267486E-12
  1105  9.254547E-12
  1106  9.241643E-12
  1107  9.228775E-12
  1108  9.215945E-12
  1109  9.203155E-12
  1110  9.190417E-12
  1111  9.177745E-12
  1112  9.165154E-12
  1113  9.152633E-12
  1114  9.140164E-12
  1115  9.127741E-12
  1116  9.115357E-12
  1117  9.103006E-12
  1118  9.090689E-12
  1119  9.078405E-12
  1120  9.066150E-12
  1121  9.053930E-12
  1122  9.041758E-12
  1123  9.029646E-12
  1124  9.017583E-12
  1125  9.005565E-12
  1126  8.993587E-12
  1127  8.981647E-12
  1128  8.969739E-12
  1129  8.957853E-12
  1130  8.945984E-12
  1131  8.934126E-12
  1132  8.922284E-12
  1133  8.910477E-12
  1134  8.898713E-12
  1135  8.886992E-12
  1136  8.875314E-12
  1137  8.863679E-12
  1138  8.852088E-12
  1139  8.840541E-12
  1140  8.829040E-12
  1141  8.817581E-12
  1142  8.806160E-12
  1143  8.794778E-12
  1144  8.783448E-12
  1145  8.772173E-12
  1146  8.760960E-12
  1147  8.749816E-12
  1148  8.738745E-12
  1149  8.727743E-12
  1150  8.716802E-12
  1151  8.705917E-12
  1152  8.695081E-12
  1153  8.684290E-12
  1154  8.673545E-12
  1155  8.662846E-12
  1156  8.652190E-12
  1157  8.641572E-12
  1158  8.630991E-12
  1159  8.620445E-12
  1160  8.609926E-12
  1161  8.599424E-12
  1162  8.588928E-12
  1163  8.578428E-12
  1164  8.567915E-12
  1165  8.557381E-12
  1166  8.546814E-12
  1167  8.536210E-12
  1168  8.525569E-12
  1169  8.514893E-12
  1170  8.504180E-12
  1171  8.493426E-12
  1172  8.482618E-12
  1173  8.471744E-12
  1174  8.460798E-12
  1175  8.449775E-12
  1176  8.438670E-12
  1177  8.427475E-12
  1178  8.416182E-12
  1179  8.404790E-12
  1180  8.393305E-12
  1181  8.381734E-12
  1182  8.370082E-12
  1183  8.358343E-12
  1184  8.346510E-12
  1185  8.334576E-12
  1186  8.322542E-12
  1187  8.310405E-12
  1188  8.298166E-12
  1189  8.285824E-12
  1190  8.273385E-12
  1191  8.260859E-12
  1192  8.248265E-12
  1193  8.235618E-12
  1194  8.222917E-12
  1195  8.210162E-12
  1196  8.197358E-12
  1197  8.184511E-12
  1198  8.171625E-12
  1199  8.158707E-12
  1200  8.145762E-12
  1201  8.132798E-12
  1202  8.119827E-12
  1203  8.106874E-12
  1204  8.093958E-12
  1205  8.081089E-12
  1206  8.068267E-12
  1207  8.055486E-12
  1208  8.042741E-12
  1209  8.030029E-12
  1210  8.017346E-12
  1211  8.004684E-12
  1212  7.992041E-12
  1213  7.979419E-12
  1214  7.966829E-12
  1215  7.954284E-12
  1216  7.941791E-12
  1217  7.929356E-12
  1218  7.916969E-12
  1219  7.904613E-12
  1220  7.892274E-12
  1221  7.879939E-12
  1222  7.867589E-12
  1223  7.855206E-12
  1224  7.842777E-12
  1225  7.830317E-12
  1226  7.817840E-12
  1227  7.805361E-12
  1228  7.792891E-12
  1229  7.780444E-12
  1230  7.768018E-12
  1231  7.755603E-12
  1232  7.743187E-12
  1233  7.730756E-12
  1234  7.718297E-12
  1235  7.705796E-12
  1236  7.693249E-12
  1237  7.680662E-12
  1238  7.668055E-12
  1239  7.655446E-12
  1240  7.642859E-12
  1241  7.630312E-12
  1242  7.617813E-12
  1243  7.605362E-12
  1244  7.592949E-12
  1245  7.580558E-12
  1246  7.568174E-12
  1247  7.555784E-12
  1248  7.543375E-12
  1249  7.530942E-12
  1250  7.518506E-12
  1251  7.506087E-12
  1252  7.493708E-12
  1253  7.481381E-12
  1254  7.469111E-12
  1255  7.456902E-12
  1256  7.444754E-12
  1257  7.432653E-12
  1258  7.420581E-12
  1259  7.408520E-12
  1260  7.396452E-12
  1261  7.384367E-12
  1262  7.372270E-12
  1263  7.360176E-12
  1264  7.348103E-12
  1265  7.336063E-12
  1266  7.324063E-12
  1267  7.312113E-12
  1268  7.300215E-12
  1269  7.288358E-12
  1270  7.276522E-12
  1271  7.264690E-12
  1272  7.252848E-12
  1273  7.240986E-12
  1274  7.229107E-12
  1275  7.217218E-12
  1276  7.205330E-12
  1277  7.193449E-12
  1278  7.181586E-12
  1279  7.169752E-12
  1280  7.157959E-12
  1281  7.146209E-12
  1282  7.134489E-12
  1283  7.122782E-12
  1284  7.111072E-12
  1285  7.099354E-12
  1286  7.087632E-12
  1287  7.075910E-12
  1288  7.064189E-12
  1289  7.052475E-12
  1290  7.040778E-12
  1291  7.029106E-12
  1292  7.017468E-12
  1293  7.005865E-12
  1294  6.994290E-12
  1295  6.982733E-12
  1296  6.971186E-12
  1297  6.959651E-12
  1298  6.948125E-12
  1299  6.936601E-12
  1300  6.925076E-12
  1301  6.913554E-12
  1302  6.902043E-12
  1303  6.890550E-12
  1304  6.879083E-12
  1305  6.867637E-12
  1306  6.856204E-12
  1307  6.844778E-12
  1308  6.833360E-12
  1309  6.821955E-12
  1310  6.810561E-12
  1311  6.799179E-12
  1312  6.787805E-12
  1313  6.776440E-12
  1314  6.765087E-12
  1315  6.753746E-12
  1316  6.742421E-12
  1317  6.731105E-12
  1318  6.719791E-12
  1319  6.708473E-12
  1320  6.697155E-12
  1321  6.685838E-12
  1322  6.674527E-12
  1323  6.663224E-12
  1324  6.651935E-12
  1325  6.640666E-12
  1326  6.629423E-12
  1327  6.618209E-12
  1328  6.607018E-12
  1329  6.595840E-12
  1330  6.584669E-12
  1331  6.573505E-12
  1332  6.562346E-12
  1333  6.551192E-12
  1334  6.540055E-12
  1335  6.528945E-12
  1336  6.517876E-12
  1337  6.506863E-12
  1338  6.495924E-12
  1339  6.485067E-12
  1340  6.474288E-12
  1341  6.463576E-12
  1342  6.452923E-12
  1343  6.442318E-12
  1344  6.431754E-12
  1345  6.421227E-12
  1346  6.410735E-12
  1347  6.400287E-12
  1348  6.389898E-12
  1349  6.379584E-12
  1350  6.369362E-12
  1351  6.359245E-12
  1352  6.349244E-12
  1353  6.339348E-12
  1354  6.329536E-12
  1355  6.319788E-12
  1356  6.310084E-12
  1357  6.300406E-12
  1358  6.290738E-12
  1359  6.281075E-12
  1360  6.271429E-12
  1361  6.261818E-12
  1362  6.252257E-12
  1363  6.242761E-12
  1364  6.233344E-12
  1365  6.224016E-12
  1366  6.214773E-12
  1367  6.205592E-12
  1368  6.196450E-12
  1369  6.187323E-12
  1370  6.178185E-12
  1371  6.169017E-12
  1372  6.159812E-12
  1373  6.150591E-12
  1374  6.141376E-12
  1375  6.132189E-12
  1376  6.123050E-12
  1377  6.113979E-12
  1378  6.104986E-12
  1379  6.096070E-12
  1380  6.087212E-12
  1381  6.078390E-12
  1382  6.069581E-12
  1383  6.060763E-12
  1384  6.051914E-12
  1385  6.043020E-12
  1386  6.034099E-12
  1387  6.025177E-12
  1388  6.016281E-12
  1389  6.007437E-12
  1390  5.998665E-12
  1391  5.989979E-12
  1392  5.981379E-12
  1393  5.972846E-12
  1394  5.964360E-12
  1395  5.955897E-12
  1396  5.947437E-12
  1397  5.938960E-12
  1398  5.930459E-12
  1399  5.921940E-12
  1400  5.913424E-12
  1401  5.904937E-12
  1402  5.896499E-12
  1403  5.888134E-12
  1404  5.879864E-12
  1405  5.871691E-12
  1406  5.863596E-12
  1407  5.855553E-12
  1408  5.847539E-12
  1409  5.839536E-12
  1410  5.831529E-12
  1411  5.823510E-12
  1412  5.815478E-12
  1413  5.807447E-12
  1414  5.799432E-12
  1415  5.791447E-12
  1416  5.783512E-12
  1417  5.775644E-12
  1418  5.767845E-12
  1419  5.760104E-12
  1420  5.752399E-12
  1421  5.744709E-12
  1422  5.737018E-12
  1423  5.729313E-12
  1424  5.721581E-12
  1425  5.713821E-12
  1426  5.706045E-12
  1427  5.698267E-12
  1428  5.690497E-12
  1429  5.682749E-12
  1430  5.675033E-12
  1431  5.667354E-12
  1432  5.659711E-12
  1433  5.652095E-12
  1434  5.644501E-12
  1435  5.636921E-12
  1436  5.629344E-12
  1437  5.621762E-12
  1438  5.614172E-12
  1439  5.606586E-12
  1440  5.599017E-12
  1441  5.591476E-12
  1442  5.583973E-12
  1443  5.576506E-12
  1444  5.569079E-12
  1445  5.561697E-12
  1446  5.554361E-12
  1447  5.547070E-12
  1448  5.539822E-12
  1449  5.532612E-12
  1450  5.525432E-12
  1451  5.518281E-12
  1452  5.511160E-12
  1453  5.504069E-12
  1454  5.497009E-12
  1455  5.489980E-12
  1456  5.482978E-12
  1457  5.476004E-12
  1458  5.469057E-12
  1459  5.462138E-12
  1460  5.455245E-12
  1461  5.448380E-12
  1462  5.441543E-12
  1463  5.434739E-12
  1464  5.427969E-12
  1465  5.421227E-12
  1466  5.414506E-12
  1467  5.407793E-12
  1468  5.401080E-12
  1469  5.394365E-12
  1470  5.387647E-12
  1471  5.380925E-12
  1472  5.374201E-12
  1473  5.367481E-12
  1474  5.360768E-12
  1475  5.354071E-12
  1476  5.347401E-12
  1477  5.340769E-12
  1478  5.334170E-12
  1479  5.327596E-12
  1480  5.321033E-12
  1481  5.314471E-12
  1482  5.307897E-12
  1483  5.301303E-12
  1484  5.294691E-12
  1485  5.288062E-12
  1486  5.281428E-12
  1487  5.274806E-12
  1488  5.268207E-12
  1489  5.261642E-12
  1490  5.255119E-12
  1491  5.248646E-12
  1492  5.242215E-12
  1493  5.235813E-12
  1494  5.229429E-12
  1495  5.223048E-12
  1496  5.216656E-12
  1497  5.210241E-12
  1498  5.203804E-12
  1499  5.197359E-12
  1500  5.190923E-12
  1501  5.184514E-12
  1502  5.178147E-12
  1503  5.171831E-12
  1504  5.165571E-12
  1505  5.159368E-12
  1506  5.153208E-12
  1507  5.147076E-12
  1508  5.140960E-12
  1509  5.134843E-12
  1510  5.128712E-12
  1511  5.122556E-12
  1512  5.116385E-12
  1513  5.110214E-12
  1514  5.104059E-12
  1515  5.097936E-12
  1516  5.091861E-12
  1517  5.085842E-12
  1518  5.079881E-12
  1519  5.073970E-12
  1520  5.068092E-12
  1521  5.062233E-12
  1522  5.056379E-12
  1523  5.050518E-12
  1524  5.044640E-12
  1525  5.038741E-12
  1526  5.032834E-12
  1527  5.026933E-12
  1528  5.021052E-12
  1529  5.015206E-12
  1530  5.009405E-12
  1531  5.003659E-12
  1532  4.997962E-12
  1533  4.992302E-12
  1534  4.986663E-12
  1535  4.981032E-12
  1536  4.975394E-12
  1537  4.969741E-12
  1538  4.964068E-12
  1539  4.958379E-12
  1540  4.952685E-12
  1541  4.946994E-12
  1542  4.941318E-12
  1543  4.935666E-12
  1544  4.930048E-12
  1545  4.924467E-12
  1546  4.918913E-12
  1547  4.913372E-12
  1548  4.907831E-12
  1549  4.902276E-12
  1550  4.896699E-12
  1551  4.891096E-12
  1552  4.885467E-12
  1553  4.879819E-12
  1554  4.874161E-12
  1555  4.868504E-12
  1556  4.862855E-12
  1557  4.857222E-12
  1558  4.851610E-12
  1559  4.846015E-12
  1560  4.840431E-12
  1561  4.834848E-12
  1562  4.829256E-12
  1563  4.823650E-12
  1564  4.818020E-12
  1565  4.812362E-12
  1566  4.806683E-12
  1567  4.800994E-12
  1568  4.795304E-12
  1569  4.789620E-12
  1570  4.783948E-12
  1571  4.778290E-12
  1572  4.772644E-12
  1573  4.767007E-12
  1574  4.761370E-12
  1575  4.755728E-12
  1576  4.750073E-12
  1577  4.744401E-12
  1578  4.738705E-12
  1579  4.732984E-12
  1580  4.727242E-12
  1581  4.721486E-12
  1582  4.715724E-12
  1583  4.709964E-12
  1584  4.704211E-12
  1585  4.698462E-12
  1586  4.692712E-12
  1587  4.686952E-12
  1588  4.681179E-12
  1589  4.675388E-12
  1590  4.669577E-12
  1591  4.663743E-12
  1592  4.657886E-12
  1593  4.652011E-12
  1594  4.646122E-12
  1595  4.640225E-12
  1596  4.634325E-12
  1597  4.628427E-12
  1598  4.622540E-12
  1599  4.616669E-12
  1600  4.610812E-12
  1601  4.604964E-12
  1602  4.599117E-12
  1603  4.593265E-12
  1604  4.587409E-12
  1605  4.581554E-12
  1606  4.575707E-12
  1607  4.569870E-12
  1608  4.564045E-12
  1609  4.558233E-12
  1610  4.552438E-12
  1611  4.546660E-12
  1612  4.540902E-12
  1613  4.535163E-12
  1614  4.529444E-12
  1615  4.523740E-12
  1616  4.518046E-12
  1617  4.512353E-12
  1618  4.506655E-12
  1619  4.500946E-12
  1620  4.495228E-12
  1621  4.489509E-12
  1622  4.483799E-12
  1623  4.478098E-12
  1624  4.472405E-12
  1625  4.466714E-12
  1626  4.461026E-12
  1627  4.455340E-12
  1628  4.449657E-12
  1629  4.443976E-12
  1630  4.438296E-12
  1631  4.432616E-12
  1632  4.426931E-12
  1633  4.421238E-12
  1634  4.415533E-12
  1635  4.409820E-12
  1636  4.404106E-12
  1637  4.398399E-12
  1638  4.392706E-12
  1639  4.387030E-12
  1640  4.381366E-12
  1641  4.375706E-12
  1642  4.370046E-12
  1643  4.364387E-12
  1644  4.358733E-12
  1645  4.353085E-12
  1646  4.347439E-12
  1647  4.341794E-12
  1648  4.336147E-12
  1649  4.330497E-12
  1650  4.324844E-12
  1651  4.319190E-12
  1652  4.313544E-12
  1653  4.307910E-12
  1654  4.302295E-12
  1655  4.296697E-12
  1656  4.291109E-12
  1657  4.285523E-12
  1658  4.279932E-12
  1659  4.274338E-12
  1660  4.268745E-12
  1661  4.263155E-12
  1662  4.257569E-12
  1663  4.251985E-12
  1664  4.246402E-12
  1665  4.240822E-12
  1666  4.235247E-12
  1667  4.229685E-12
  1668  4.224140E-12
  1669  4.218616E-12
  1670  4.213115E-12
  1671  4.207634E-12
  1672  4.202166E-12
  1673  4.196705E-12
  1674  4.191247E-12
  1675  4.185794E-12
  1676  4.180354E-12
  1677  4.174934E-12
  1678  4.169538E-12
  1679  4.164164E-12
  1680  4.158809E-12
  1681  4.153474E-12
  1682  4.148164E-12
  1683  4.142881E-12
  1684  4.137626E-12
  1685  4.132401E-12
  1686  4.127202E-12
  1687  4.122023E-12
  1688  4.116858E-12
  1689  4.111701E-12
  1690  4.106550E-12
  1691  4.101408E-12
  1692  4.096281E-12
  1693  4.091174E-12
  1694  4.086090E-12
  1695  4.081023E-12
  1696  4.075972E-12
  1697  4.070933E-12
  1698  4.065906E-12
  1699  4.060894E-12
  1700  4.055898E-12
  1701  4.050913E-12
  1702  4.045935E-12
  1703  4.040960E-12
  1704  4.035983E-12
  1705  4.031003E-12
  1706  4.026020E-12
  1707  4.021037E-12
  1708  4.016058E-12
  1709  4.011087E-12
  1710  4.006125E-12
  1711  4.001167E-12
  1712  3.996210E-12
  1713  3.991246E-12
  1714  3.986275E-12
  1715  3.981299E-12
  1716  3.976319E-12
  1717  3.971333E-12
  1718  3.966337E-12
  1719  3.961329E-12
  1720  3.956307E-12
  1721  3.951271E-12
  1722  3.946225E-12
  1723  3.941174E-12
  1724  3.936123E-12
  1725  3.931077E-12
  1726  3.926037E-12
  1727  3.921001E-12
  1728  3.915966E-12
  1729  3.910932E-12
  1730  3.905897E-12
  1731  3.900867E-12
  1732  3.895844E-12
  1733  3.890833E-12
  1734  3.885833E-12
  1735  3.880843E-12
  1736  3.875863E-12
  1737  3.870894E-12
  1738  3.865942E-12
  1739  3.861009E-12
  1740  3.856099E-12
  1741  3.851209E-12
  1742  3.846337E-12
  1743  3.841478E-12
  1744  3.836629E-12
  1745  3.831784E-12
  1746  3.826945E-12
  1747  3.822112E-12
  1748  3.817288E-12
  1749  3.812474E-12
  1750  3.807670E-12
  1751  3.802873E-12
  1752  3.798081E-12
  1753  3.793292E-12
  1754  3.788506E-12
  1755  3.783726E-12
  1756  3.778951E-12
  1757  3.774181E-12
  1758  3.769416E-12
  1759  3.764652E-12
  1760  3.759891E-12
  1761  3.755132E-12
  1762  3.750378E-12
  1763  3.745630E-12
  1764  3.740892E-12
  1765  3.736166E-12
  1766  3.731453E-12
  1767  3.726751E-12
  1768  3.722059E-12
  1769  3.717376E-12
  1770  3.712703E-12
  1771  3.708042E-12
  1772  3.703395E-12
  1773  3.698762E-12
  1774  3.694141E-12
  1775  3.689532E-12
  1776  3.684933E-12
  1777  3.680345E-12
  1778  3.675768E-12
  1779  3.671204E-12
  1780  3.666654E-12
  1781  3.662118E-12
  1782  3.657596E-12
  1783  3.653087E-12
  1784  3.648587E-12
  1785  3.644095E-12
  1786  3.639608E-12
  1787  3.635126E-12
  1788  3.630650E-12
  1789  3.626180E-12
  1790  3.621716E-12
  1791  3.617256E-12
  1792  3.612801E-12
  1793  3.608351E-12
  1794  3.603907E-12
  1795  3.599471E-12
  1796  3.595044E-12
  1797  3.590623E-12
  1798  3.586208E-12
  1799  3.581797E-12
  1800  3.577389E-12
  1801  3.572982E-12
  1802  3.568576E-12
  1803  3.564174E-12
  1804  3.559777E-12
  1805  3.555388E-12
  1806  3.551008E-12
  1807  3.546636E-12
  1808  3.542271E-12
  1809  3.537912E-12
  1810  3.533560E-12
  1811  3.529217E-12
  1812  3.524884E-12
  1813  3.520559E-12
  1814  3.516240E-12
  1815  3.511927E-12
  1816  3.507618E-12
  1817  3.503315E-12
  1818  3.499016E-12
  1819  3.494724E-12
  1820  3.490440E-12
  1821  3.486164E-12
  1822  3.481895E-12
  1823  3.477634E-12
  1824  3.473377E-12
  1825  3.469126E-12
  1826  3.464881E-12
  1827  3.460645E-12
  1828  3.456421E-12
  1829  3.452210E-12
  1830  3.448011E-12
  1831  3.443823E-12
  1832  3.439646E-12
  1833  3.435480E-12
  1834  3.431327E-12
  1835  3.427189E-12
  1836  3.423068E-12
  1837  3.418963E-12
  1838  3.414877E-12
  1839  3.410809E-12
  1840  3.406758E-12
  1841  3.402725E-12
  1842  3.398710E-12
  1843  3.394711E-12
  1844  3.390730E-12
  1845  3.386767E-12
  1846  3.382821E-12
  1847  3.378891E-12
  1848  3.374974E-12
  1849  3.371068E-12
  1850  3.367174E-12
  1851  3.363290E-12
  1852  3.359417E-12
  1853  3.355557E-12
  1854  3.351709E-12
  1855  3.347871E-12
  1856  3.344041E-12
  1857  3.340218E-12
  1858  3.336401E-12
  1859  3.332589E-12
  1860  3.328785E-12
  1861  3.324993E-12
  1862  3.321213E-12
  1863  3.317449E-12
  1864  3.313698E-12
  1865  3.309960E-12
  1866  3.306234E-12
  1867  3.302521E-12
  1868  3.298819E-12
  1869  3.295129E-12
  1870  3.291453E-12
  1871  3.287791E-12
  1872  3.284141E-12
  1873  3.280502E-12
  1874  3.276874E-12
  1875  3.273260E-12
  1876  3.269663E-12
  1877  3.266083E-12
  1878  3.262521E-12
  1879  3.258977E-12
  1880  3.255447E-12
  1881  3.251928E-12
  1882  3.248417E-12
  1883  3.244912E-12
  1884  3.241414E-12
  1885  3.237922E-12
  1886  3.234437E-12
  1887  3.230961E-12
  1888  3.227496E-12
  1889  3.224043E-12
  1890  3.220601E-12
  1891  3.217170E-12
  1892  3.213749E-12
  1893  3.210340E-12
  1894  3.206943E-12
  1895  3.203556E-12
  1896  3.200180E-12
  1897  3.196812E-12
  1898  3.193452E-12
  1899  3.190098E-12
  1900  3.186752E-12
  1901  3.183413E-12
  1902  3.180081E-12
  1903  3.176754E-12
  1904  3.173432E-12
  1905  3.170117E-12
  1906  3.166810E-12
  1907  3.163507E-12
  1908  3.160208E-12
  1909  3.156911E-12
  1910  3.153620E-12
  1911  3.150333E-12
  1912  3.147052E-12
  1913  3.143773E-12
  1914  3.140496E-12
  1915  3.137219E-12
  1916  3.133940E-12
  1917  3.130659E-12
  1918  3.127377E-12
  1919  3.124093E-12
  1920  3.120812E-12
  1921  3.117536E-12
  1922  3.114269E-12
  1923  3.111015E-12
  1924  3.107773E-12
  1925  3.104544E-12
  1926  3.101325E-12
  1927  3.098116E-12
  1928  3.094916E-12
  1929  3.091723E-12
  1930  3.088537E-12
  1931  3.085355E-12
  1932  3.082176E-12
  1933  3.079003E-12
  1934  3.075835E-12
  1935  3.072674E-12
  1936  3.069521E-12
  1937  3.066377E-12
  1938  3.063240E-12
  1939  3.060112E-12
  1940  3.056989E-12
  1941  3.053870E-12
  1942  3.050750E-12
  1943  3.047626E-12
  1944  3.044497E-12
  1945  3.041362E-12
  1946  3.038223E-12
  1947  3.035080E-12
  1948  3.031935E-12
  1949  3.028789E-12
  1950  3.025642E-12
  1951  3.022494E-12
  1952  3.019346E-12
  1953  3.016199E-12
  1954  3.013052E-12
  1955  3.009908E-12
  1956  3.006769E-12
  1957  3.003634E-12
  1958  3.000503E-12
  1959  2.997375E-12
  1960  2.994247E-12
  1961  2.991120E-12
  1962  2.987992E-12
  1963  2.984865E-12
  1964  2.981738E-12
  1965  2.978613E-12
  1966  2.975490E-12
  1967  2.972368E-12
  1968  2.969247E-12
  1969  2.966126E-12
  1970  2.963008E-12
  1971  2.959893E-12
  1972  2.956783E-12
  1973  2.953678E-12
  1974  2.950574E-12
  1975  2.947469E-12
  1976  2.944362E-12
  1977  2.941251E-12
  1978  2.938137E-12
  1979  2.935022E-12
  1980  2.931908E-12
  1981  2.928799E-12
  1982  2.925693E-12
  1983  2.922594E-12
  1984  2.919501E-12
  1985  2.916413E-12
  1986  2.913330E-12
  1987  2.910251E-12
  1988  2.907176E-12
  1989  2.904104E-12
  1990  2.901034E-12
  1991  2.897962E-12
  1992  2.894890E-12
  1993  2.891815E-12
  1994  2.888739E-12
  1995  2.885664E-12
  1996  2.882588E-12
  1997  2.879514E-12
  1998  2.876440E-12
  1999  2.873366E-12
  2000  2.870294E-12
  2001  2.867225E-12
  2002  2.864159E-12
  2003  2.861095E-12
  2004  2.858034E-12
  2005  2.854975E-12
  2006  2.851917E-12
  2007  2.848861E-12
  2008  2.845807E-12
  2009  2.842756E-12
  2010  2.839707E-12
  2011  2.836660E-12
  2012  2.833615E-12
  2013  2.830572E-12
  2014  2.827530E-12
  2015  2.824491E-12
  2016  2.821455E-12
  2017  2.818423E-12
  2018  2.815395E-12
  2019  2.812369E-12
  2020  2.809342E-12
  2021  2.806314E-12
  2022  2.803281E-12
  2023  2.800244E-12
  2024  2.797204E-12
  2025  2.794161E-12
  2026  2.791116E-12
  2027  2.788069E-12
  2028  2.785020E-12
  2029  2.781970E-12
  2030  2.778923E-12
  2031  2.775877E-12
  2032  2.772836E-12
  2033  2.769798E-12
  2034  2.766764E-12
  2035  2.763733E-12
  2036  2.760706E-12
  2037  2.757682E-12
  2038  2.754660E-12
  2039  2.751641E-12
  2040  2.748627E-12
  2041  2.745616E-12
  2042  2.742608E-12
  2043  2.739604E-12
  2044  2.736605E-12
  2045  2.733612E-12
  2046  2.730624E-12
  2047  2.727640E-12
  2048  2.724660E-12
  2049  2.721684E-12
  2050  2.718713E-12
  2051  2.715744E-12
  2052  2.712780E-12
  2053  2.709818E-12
  2054  2.706858E-12
  2055  2.703901E-12
  2056  2.700944E-12
  2057  2.697988E-12
  2058  2.695031E-12
  2059  2.692075E-12
  2060  2.689119E-12
  2061  2.686166E-12
  2062  2.683216E-12
  2063  2.680268E-12
  2064  2.677320E-12
  2065  2.674371E-12
  2066  2.671424E-12
  2067  2.668478E-12
  2068  2.665535E-12
  2069  2.662592E-12
  2070  2.659651E-12
  2071  2.656711E-12
  2072  2.653772E-12
  2073  2.650836E-12
  2074  2.647903E-12
  2075  2.644974E-12
  2076  2.642051E-12
  2077  2.639134E-12
  2078  2.636226E-12
  2079  2.633326E-12
  2080  2.630434E-12
  2081  2.627550E-12
  2082  2.624675E-12
  2083  2.621808E-12
  2084  2.618952E-12
  2085  2.616104E-12
  2086  2.613263E-12
  2087  2.610429E-12
  2088  2.607602E-12
  2089  2.604780E-12
  2090  2.601962E-12
  2091  2.599150E-12
  2092  2.596341E-12
  2093  2.593536E-12
  2094  2.590735E-12
  2095  2.587937E-12
  2096  2.585142E-12
  2097  2.582350E-12
  2098  2.579559E-12
  2099  2.576771E-12
  2100  2.573983E-12
  2101  2.571196E-12
  2102  2.568410E-12
  2103  2.565624E-12
  2104  2.562841E-12
  2105  2.560063E-12
  2106  2.557288E-12
  2107  2.554517E-12
  2108  2.551750E-12
  2109  2.548989E-12
  2110  2.546234E-12
  2111  2.543485E-12
  2112  2.540742E-12
  2113  2.538005E-12
  2114  2.535274E-12
  2115  2.532548E-12
  2116  2.529828E-12
  2117  2.527112E-12
  2118  2.524401E-12
  2119  2.521696E-12
  2120  2.518997E-12
  2121  2.516305E-12
  2122  2.513620E-12
  2123  2.510942E-12
  2124  2.508268E-12
  2125  2.505598E-12
  2126  2.502935E-12
  2127  2.500277E-12
  2128  2.497625E-12
  2129  2.494978E-12
  2130  2.492336E-12
  2131  2.489699E-12
  2132  2.487067E-12
  2133  2.484439E-12
  2134  2.481815E-12
  2135  2.479195E-12
  2136  2.476579E-12
  2137  2.473966E-12
  2138  2.471358E-12
  2139  2.468752E-12
  2140  2.466151E-12
  2141  2.463551E-12
  2142  2.460955E-12
  2143  2.458363E-12
  2144  2.455773E-12
  2145  2.453184E-12
  2146  2.450597E-12
  2147  2.448014E-12
  2148  2.445433E-12
  2149  2.442855E-12
  2150  2.440280E-12
  2151  2.437708E-12
  2152  2.435140E-12
  2153  2.432575E-12
  2154  2.430015E-12
  2155  2.427460E-12
  2156  2.424910E-12
  2157  2.422365E-12
  2158  2.419825E-12
  2159  2.417291E-12
  2160  2.414761E-12
  2161  2.412235E-12
  2162  2.409713E-12
  2163  2.407194E-12
  2164  2.404680E-12
  2165  2.402172E-12
  2166  2.399666E-12
  2167  2.397163E-12
  2168  2.394662E-12
  2169  2.392163E-12
  2170  2.389667E-12
  2171  2.387172E-12
  2172  2.384679E-12
  2173  2.382190E-12
  2174  2.379703E-12
  2175  2.377218E-12
  2176  2.374735E-12
  2177  2.372253E-12
  2178  2.369772E-12
  2179  2.367291E-12
  2180  2.364810E-12
  2181  2.362328E-12
  2182  2.359846E-12
  2183  2.357364E-12
  2184  2.354884E-12
  2185  2.352407E-12
  2186  2.349932E-12
  2187  2.347461E-12
  2188  2.344992E-12
  2189  2.342528E-12
  2190  2.340066E-12
  2191  2.337608E-12
  2192  2.335154E-12
  2193  2.332702E-12
  2194  2.330254E-12
  2195  2.327808E-12
  2196  2.325367E-12
  2197  2.322929E-12
  2198  2.320496E-12
  2199  2.318068E-12
  2200  2.315646E-12
  2201  2.313230E-12
  2202  2.310820E-12
  2203  2.308416E-12
  2204  2.306015E-12
  2205  2.303617E-12
  2206  2.301225E-12
  2207  2.298839E-12
  2208  2.296459E-12
  2209  2.294086E-12
  2210  2.291718E-12
  2211  2.289357E-12
  2212  2.287001E-12
  2213  2.284652E-12
  2214  2.282309E-12
  2215  2.279971E-12
  2216  2.277639E-12
  2217  2.275312E-12
  2218  2.272991E-12
  2219  2.270675E-12
  2220  2.268366E-12
  2221  2.266064E-12
  2222  2.263769E-12
  2223  2.261481E-12
  2224  2.259198E-12
  2225  2.256919E-12
  2226  2.254644E-12
  2227  2.252372E-12
  2228  2.250103E-12
  2229  2.247836E-12
  2230  2.245572E-12
  2231  2.243311E-12
  2232  2.241052E-12
  2233  2.238795E-12
  2234  2.236540E-12
  2235  2.234289E-12
  2236  2.232039E-12
  2237  2.229793E-12
  2238  2.227550E-12
  2239  2.225310E-12
  2240  2.223074E-12
  2241  2.220841E-12
  2242  2.218611E-12
  2243  2.216383E-12
  2244  2.214161E-12
  2245  2.211944E-12
  2246  2.209730E-12
  2247  2.207521E-12
  2248  2.205315E-12
  2249  2.203114E-12
  2250  2.200916E-12
  2251  2.198723E-12
  2252  2.196534E-12
  2253  2.194349E-12
  2254  2.192169E-12
  2255  2.189994E-12
  2256  2.187825E-12
  2257  2.185660E-12
  2258  2.183500E-12
  2259  2.181343E-12
  2260  2.179189E-12
  2261  2.177039E-12
  2262  2.174895E-12
  2263  2.172756E-12
  2264  2.170623E-12
  2265  2.168495E-12
  2266  2.166373E-12
  2267  2.164258E-12
  2268  2.162150E-12
  2269  2.160047E-12
  2270  2.157951E-12
  2271  2.155861E-12
  2272  2.153776E-12
  2273  2.151698E-12
  2274  2.149624E-12
  2275  2.147555E-12
  2276  2.145491E-12
  2277  2.143432E-12
  2278  2.141377E-12
  2279  2.139328E-12
  2280  2.137283E-12
  2281  2.135240E-12
  2282  2.133198E-12
  2283  2.131157E-12
  2284  2.129116E-12
  2285  2.127076E-12
  2286  2.125036E-12
  2287  2.122998E-12
  2288  2.120961E-12
  2289  2.118924E-12
  2290  2.116890E-12
  2291  2.114856E-12
  2292  2.112824E-12
  2293  2.110794E-12
  2294  2.108766E-12
  2295  2.106739E-12
  2296  2.104714E-12
  2297  2.102691E-12
  2298  2.100670E-12
  2299  2.098652E-12
  2300  2.096638E-12
  2301  2.094630E-12
  2302  2.092627E-12
  2303  2.090629E-12
  2304  2.088634E-12
  2305  2.086644E-12
  2306  2.084657E-12
  2307  2.082673E-12
  2308  2.080694E-12
  2309  2.078718E-12
  2310  2.076745E-12
  2311  2.074775E-12
  2312  2.072808E-12
  2313  2.070843E-12
  2314  2.068881E-12
  2315  2.066921E-12
  2316  2.064963E-12
  2317  2.063006E-12
  2318  2.061049E-12
  2319  2.059093E-12
  2320  2.057137E-12
  2321  2.055180E-12
  2322  2.053224E-12
  2323  2.051270E-12
  2324  2.049320E-12
  2325  2.047373E-12
  2326  2.045430E-12
  2327  2.043490E-12
  2328  2.041553E-12
  2329  2.039619E-12
  2330  2.037688E-12
  2331  2.035760E-12
  2332  2.033834E-12
  2333  2.031912E-12
  2334  2.029993E-12
  2335  2.028077E-12
  2336  2.026164E-12
  2337  2.024254E-12
  2338  2.022346E-12
  2339  2.020440E-12
  2340  2.018535E-12
  2341  2.016631E-12
  2342  2.014724E-12
  2343  2.012816E-12
  2344  2.010905E-12
  2345  2.008992E-12
  2346  2.007077E-12
  2347  2.005161E-12
  2348  2.003245E-12
  2349  2.001327E-12
  2350  1.999410E-12
  2351  1.997493E-12
  2352  1.995578E-12
  2353  1.993663E-12
  2354  1.991751E-12
  2355  1.989839E-12
  2356  1.987929E-12
  2357  1.986022E-12
  2358  1.984117E-12
  2359  1.982216E-12
  2360  1.980319E-12
  2361  1.978426E-12
  2362  1.976538E-12
  2363  1.974653E-12
  2364  1.972771E-12
  2365  1.970890E-12
  2366  1.969010E-12
  2367  1.967129E-12
  2368  1.965247E-12
  2369  1.963362E-12
  2370  1.961474E-12
  2371  1.959583E-12
  2372  1.957689E-12
  2373  1.955792E-12
  2374  1.953893E-12
  2375  1.951993E-12
  2376  1.950093E-12
  2377  1.948192E-12
  2378  1.946291E-12
  2379  1.944391E-12
  2380  1.942492E-12
  2381  1.940595E-12
  2382  1.938703E-12
  2383  1.936814E-12
  2384  1.934932E-12
  2385  1.933056E-12
  2386  1.931189E-12
  2387  1.929329E-12
  2388  1.927479E-12
  2389  1.925638E-12
  2390  1.923806E-12
  2391  1.921982E-12
  2392  1.920164E-12
  2393  1.918350E-12
  2394  1.916540E-12
  2395  1.914731E-12
  2396  1.912924E-12
  2397  1.911116E-12
  2398  1.909309E-12
  2399  1.907502E-12
  2400  1.905693E-12
  2401  1.903882E-12
  2402  1.902069E-12
  2403  1.900253E-12
  2404  1.898435E-12
  2405  1.896614E-12
  2406  1.894791E-12
  2407  1.892965E-12
  2408  1.891137E-12
  2409  1.889307E-12
  2410  1.887477E-12
  2411  1.885649E-12
  2412  1.883825E-12
  2413  1.882005E-12
  2414  1.880192E-12
  2415  1.878386E-12
  2416  1.876586E-12
  2417  1.874793E-12
  2418  1.873007E-12
  2419  1.871226E-12
  2420  1.869450E-12
  2421  1.867680E-12
  2422  1.865915E-12
  2423  1.864155E-12
  2424  1.862400E-12
  2425  1.860649E-12
  2426  1.858902E-12
  2427  1.857160E-12
  2428  1.855421E-12
  2429  1.853686E-12
  2430  1.851953E-12
  2431  1.850221E-12
  2432  1.848489E-12
  2433  1.846755E-12
  2434  1.845021E-12
  2435  1.843287E-12
  2436  1.841553E-12
  2437  1.839821E-12
  2438  1.838091E-12
  2439  1.836363E-12
  2440  1.834639E-12
  2441  1.832918E-12
  2442  1.831200E-12
  2443  1.829485E-12
  2444  1.827773E-12
  2445  1.826062E-12
  2446  1.824352E-12
  2447  1.822644E-12
  2448  1.820936E-12
  2449  1.819232E-12
  2450  1.817531E-12
  2451  1.815833E-12
  2452  1.814139E-12
  2453  1.812449E-12
  2454  1.810762E-12
  2455  1.809077E-12
  2456  1.807393E-12
  2457  1.805709E-12
  2458  1.804024E-12
  2459  1.802339E-12
  2460  1.800653E-12
  2461  1.798967E-12
  2462  1.797282E-12
  2463  1.795598E-12
  2464  1.793916E-12
  2465  1.792236E-12
  2466  1.790559E-12
  2467  1.788884E-12
  2468  1.787212E-12
  2469  1.785542E-12
  2470  1.783873E-12
  2471  1.782206E-12
  2472  1.780540E-12
  2473  1.778877E-12
  2474  1.777216E-12
  2475  1.775560E-12
  2476  1.773909E-12
  2477  1.772264E-12
  2478  1.770624E-12
  2479  1.768990E-12
  2480  1.767361E-12
  2481  1.765735E-12
  2482  1.764113E-12
  2483  1.762492E-12
  2484  1.760875E-12
  2485  1.759259E-12
  2486  1.757644E-12
  2487  1.756031E-12
  2488  1.754418E-12
  2489  1.752805E-12
  2490  1.751190E-12
  2491  1.749576E-12
  2492  1.747961E-12
  2493  1.746343E-12
  2494  1.744722E-12
  2495  1.743097E-12
  2496  1.741467E-12
  2497  1.739831E-12
  2498  1.738192E-12
  2499  1.736549E-12
  2500  1.734905E-12
  2501  1.733259E-12
  2502  1.731612E-12
  2503  1.729965E-12
  2504  1.728316E-12
  2505  1.726669E-12
  2506  1.725022E-12
  2507  1.723379E-12
  2508  1.721740E-12
  2509  1.720105E-12
  2510  1.718475E-12
  2511  1.716851E-12
  2512  1.715232E-12
  2513  1.713620E-12
  2514  1.712015E-12
  2515  1.710417E-12
  2516  1.708825E-12
  2517  1.707239E-12
  2518  1.705656E-12
  2519  1.704077E-12
  2520  1.702501E-12
  2521  1.700926E-12
  2522  1.699354E-12
  2523  1.697783E-12
  2524  1.696214E-12
  2525  1.694644E-12
  2526  1.693074E-12
  2527  1.691500E-12
  2528  1.689924E-12
  2529  1.688344E-12
  2530  1.686760E-12
  2531  1.685174E-12
  2532  1.683584E-12
  2533  1.681994E-12
  2534  1.680403E-12
  2535  1.678812E-12
  2536  1.677223E-12
  2537  1.675636E-12
  2538  1.674053E-12
  2539  1.672475E-12
  2540  1.670901E-12
  2541  1.669333E-12
  2542  1.667770E-12
  2543  1.666213E-12
  2544  1.664663E-12
  2545  1.663120E-12
  2546  1.661585E-12
  2547  1.660058E-12
  2548  1.658540E-12
  2549  1.657031E-12
  2550  1.655530E-12
  2551  1.654035E-12
  2552  1.652545E-12
  2553  1.651059E-12
  2554  1.649575E-12
  2555  1.648092E-12
  2556  1.646608E-12
  2557  1.645125E-12
  2558  1.643640E-12
  2559  1.642155E-12
  2560  1.640669E-12
  2561  1.639181E-12
  2562  1.637692E-12
  2563  1.636201E-12
  2564  1.634709E-12
  2565  1.633215E-12
  2566  1.631720E-12
  2567  1.630224E-12
  2568  1.628727E-12
  2569  1.627230E-12
  2570  1.625733E-12
  2571  1.624238E-12
  2572  1.622747E-12
  2573  1.621260E-12
  2574  1.619780E-12
  2575  1.618307E-12
  2576  1.616841E-12
  2577  1.615382E-12
  2578  1.613929E-12
  2579  1.612480E-12
  2580  1.611037E-12
  2581  1.609599E-12
  2582  1.608165E-12
  2583  1.606736E-12
  2584  1.605310E-12
  2585  1.603887E-12
  2586  1.602467E-12
  2587  1.601049E-12
  2588  1.599631E-12
  2589  1.598214E-12
  2590  1.596796E-12
  2591  1.595378E-12
  2592  1.593956E-12
  2593  1.592530E-12
  2594  1.591098E-12
  2595  1.589663E-12
  2596  1.588223E-12
  2597  1.586781E-12
  2598  1.585336E-12
  2599  1.583891E-12
  2600  1.582445E-12
  2601  1.580999E-12
  2602  1.579553E-12
  2603  1.578107E-12
  2604  1.576662E-12
  2605  1.575218E-12
  2606  1.573778E-12
  2607  1.572343E-12
  2608  1.570914E-12
  2609  1.569490E-12
  2610  1.568072E-12
  2611  1.566659E-12
  2612  1.565253E-12
  2613  1.563853E-12
  2614  1.562461E-12
  2615  1.561073E-12
  2616  1.559691E-12
  2617  1.558313E-12
  2618  1.556938E-12
  2619  1.555567E-12
  2620  1.554198E-12
  2621  1.552831E-12
  2622  1.551467E-12
  2623  1.550104E-12
  2624  1.548742E-12
  2625  1.547379E-12
  2626  1.546014E-12
  2627  1.544646E-12
  2628  1.543274E-12
  2629  1.541900E-12
  2630  1.540525E-12
  2631  1.539149E-12
  2632  1.537775E-12
  2633  1.536401E-12
  2634  1.535028E-12
  2635  1.533656E-12
  2636  1.532286E-12
  2637  1.530919E-12
  2638  1.529552E-12
  2639  1.528189E-12
  2640  1.526828E-12
  2641  1.525471E-12
  2642  1.524117E-12
  2643  1.522766E-12
  2644  1.521419E-12
  2645  1.520078E-12
  2646  1.518743E-12
  2647  1.517414E-12
  2648  1.516091E-12
  2649  1.514771E-12
  2650  1.513453E-12
  2651  1.512134E-12
  2652  1.510814E-12
  2653  1.509493E-12
  2654  1.508172E-12
  2655  1.506851E-12
  2656  1.505531E-12
  2657  1.504211E-12
  2658  1.502893E-12
  2659  1.501575E-12
  2660  1.500259E-12
  2661  1.498942E-12
  2662  1.497627E-12
  2663  1.496312E-12
  2664  1.494997E-12
  2665  1.493682E-12
  2666  1.492367E-12
  2667  1.491052E-12
  2668  1.489739E-12
  2669  1.488427E-12
  2670  1.487120E-12
  2671  1.485818E-12
  2672  1.484522E-12
  2673  1.483231E-12
  2674  1.481943E-12
  2675  1.480655E-12
  2676  1.479369E-12
  2677  1.478083E-12
  2678  1.476796E-12
  2679  1.475508E-12
  2680  1.474220E-12
  2681  1.472932E-12
  2682  1.471643E-12
  2683  1.470355E-12
  2684  1.469066E-12
  2685  1.467778E-12
  2686  1.466490E-12
  2687  1.465202E-12
  2688  1.463914E-12
  2689  1.462625E-12
  2690  1.461335E-12
  2691  1.460043E-12
  2692  1.458749E-12
  2693  1.457456E-12
  2694  1.456165E-12
  2695  1.454878E-12
  2696  1.453595E-12
  2697  1.452318E-12
  2698  1.451046E-12
  2699  1.449780E-12
  2700  1.448519E-12
  2701  1.447262E-12
  2702  1.446009E-12
  2703  1.444759E-12
  2704  1.443512E-12
  2705  1.442267E-12
  2706  1.441025E-12
  2707  1.439786E-12
  2708  1.438550E-12
  2709  1.437316E-12
  2710  1.436086E-12
  2711  1.434858E-12
  2712  1.433632E-12
  2713  1.432406E-12
  2714  1.431178E-12
  2715  1.429948E-12
  2716  1.428714E-12
  2717  1.427476E-12
  2718  1.426236E-12
  2719  1.424993E-12
  2720  1.423747E-12
  2721  1.422501E-12
  2722  1.421255E-12
  2723  1.420010E-12
  2724  1.418768E-12
  2725  1.417527E-12
  2726  1.416288E-12
  2727  1.415050E-12
  2728  1.413812E-12
  2729  1.412576E-12
  2730  1.411343E-12
  2731  1.410113E-12
  2732  1.408887E-12
  2733  1.407667E-12
  2734  1.406453E-12
  2735  1.405246E-12
  2736  1.404046E-12
  2737  1.402854E-12
  2738  1.401668E-12
  2739  1.400487E-12
  2740  1.399310E-12
  2741  1.398137E-12
  2742  1.396965E-12
  2743  1.395794E-12
  2744  1.394622E-12
  2745  1.393451E-12
  2746  1.392281E-12
  2747  1.391112E-12
  2748  1.389944E-12
  2749  1.388777E-12
  2750  1.387608E-12
  2751  1.386437E-12
  2752  1.385264E-12
  2753  1.384087E-12
  2754  1.382907E-12
  2755  1.381724E-12
  2756  1.380539E-12
  2757  1.379351E-12
  2758  1.378163E-12
  2759  1.376975E-12
  2760  1.375788E-12
  2761  1.374602E-12
  2762  1.373420E-12
  2763  1.372241E-12
  2764  1.371066E-12
  2765  1.369895E-12
  2766  1.368728E-12
  2767  1.367563E-12
  2768  1.366402E-12
  2769  1.365244E-12
  2770  1.364090E-12
  2771  1.362942E-12
  2772  1.361798E-12
  2773  1.360660E-12
  2774  1.359526E-12
  2775  1.358394E-12
  2776  1.357264E-12
  2777  1.356135E-12
  2778  1.355007E-12
  2779  1.353878E-12
  2780  1.352750E-12
  2781  1.351622E-12
  2782  1.350493E-12
  2783  1.349362E-12
  2784  1.348230E-12
  2785  1.347095E-12
  2786  1.345959E-12
  2787  1.344822E-12
  2788  1.343682E-12
  2789  1.342540E-12
  2790  1.341396E-12
  2791  1.340249E-12
  2792  1.339101E-12
  2793  1.337950E-12
  2794  1.336799E-12
  2795  1.335649E-12
  2796  1.334500E-12
  2797  1.333354E-12
  2798  1.332210E-12
  2799  1.331068E-12
  2800  1.329927E-12
  2801  1.328787E-12
  2802  1.327649E-12
  2803  1.326514E-12
  2804  1.325382E-12
  2805  1.324255E-12
  2806  1.323132E-12
  2807  1.322015E-12
  2808  1.320903E-12
  2809  1.319797E-12
  2810  1.318696E-12
  2811  1.317599E-12
  2812  1.316506E-12
  2813  1.315417E-12
  2814  1.314330E-12
  2815  1.313245E-12
  2816  1.312160E-12
  2817  1.311075E-12
  2818  1.309989E-12
  2819  1.308903E-12
  2820  1.307819E-12
  2821  1.306734E-12
  2822  1.305649E-12
  2823  1.304563E-12
  2824  1.303474E-12
  2825  1.302382E-12
  2826  1.301286E-12
  2827  1.300185E-12
  2828  1.299081E-12
  2829  1.297973E-12
  2830  1.296862E-12
  2831  1.295750E-12
  2832  1.294637E-12
  2833  1.293524E-12
  2834  1.292412E-12
  2835  1.291303E-12
  2836  1.290198E-12
  2837  1.289096E-12
  2838  1.287999E-12
  2839  1.286905E-12
  2840  1.285815E-12
  2841  1.284728E-12
  2842  1.283644E-12
  2843  1.282563E-12
  2844  1.281488E-12
  2845  1.280417E-12
  2846  1.279350E-12
  2847  1.278289E-12
  2848  1.277231E-12
  2849  1.276177E-12
  2850  1.275126E-12
  2851  1.274075E-12
  2852  1.273024E-12
  2853  1.271972E-12
  2854  1.270919E-12
  2855  1.269862E-12
  2856  1.268803E-12
  2857  1.267742E-12
  2858  1.266681E-12
  2859  1.265618E-12
  2860  1.264555E-12
  2861  1.263494E-12
  2862  1.262434E-12
  2863  1.261376E-12
  2864  1.260319E-12
  2865  1.259264E-12
  2866  1.258209E-12
  2867  1.257155E-12
  2868  1.256103E-12
  2869  1.255054E-12
  2870  1.254008E-12
  2871  1.252966E-12
  2872  1.251928E-12
  2873  1.250897E-12
  2874  1.249871E-12
  2875  1.248852E-12
  2876  1.247838E-12
  2877  1.246827E-12
  2878  1.245819E-12
  2879  1.244812E-12
  2880  1.243806E-12
  2881  1.242801E-12
  2882  1.241795E-12
  2883  1.240790E-12
  2884  1.239786E-12
  2885  1.238784E-12
  2886  1.237785E-12
  2887  1.236788E-12
  2888  1.235793E-12
  2889  1.234800E-12
  2890  1.233807E-12
  2891  1.232814E-12
  2892  1.231820E-12
  2893  1.230823E-12
  2894  1.229824E-12
  2895  1.228823E-12
  2896  1.227821E-12
  2897  1.226818E-12
  2898  1.225816E-12
  2899  1.224815E-12
  2900  1.223816E-12
  2901  1.222818E-12
  2902  1.221821E-12
  2903  1.220825E-12
  2904  1.219829E-12
  2905  1.218830E-12
  2906  1.217830E-12
  2907  1.216828E-12
  2908  1.215824E-12
  2909  1.214819E-12
  2910  1.213816E-12
  2911  1.212814E-12
  2912  1.211815E-12
  2913  1.210819E-12
  2914  1.209829E-12
  2915  1.208844E-12
  2916  1.207861E-12
  2917  1.206881E-12
  2918  1.205903E-12
  2919  1.204925E-12
  2920  1.203948E-12
  2921  1.202969E-12
  2922  1.201990E-12
  2923  1.201011E-12
  2924  1.200033E-12
  2925  1.199056E-12
  2926  1.198079E-12
  2927  1.197102E-12
  2928  1.196126E-12
  2929  1.195149E-12
  2930  1.194171E-12
  2931  1.193191E-12
  2932  1.192208E-12
  2933  1.191221E-12
  2934  1.190230E-12
  2935  1.189236E-12
  2936  1.188239E-12
  2937  1.187242E-12
  2938  1.186245E-12
  2939  1.185251E-12
  2940  1.184261E-12
  2941  1.183275E-12
  2942  1.182295E-12
  2943  1.181319E-12
  2944  1.180348E-12
  2945  1.179382E-12
  2946  1.178420E-12
  2947  1.177461E-12
  2948  1.176507E-12
  2949  1.175555E-12
  2950  1.174607E-12
  2951  1.173662E-12
  2952  1.172719E-12
  2953  1.171780E-12
  2954  1.170844E-12
  2955  1.169911E-12
  2956  1.168978E-12
  2957  1.168046E-12
  2958  1.167112E-12
  2959  1.166175E-12
  2960  1.165234E-12
  2961  1.164289E-12
  2962  1.163340E-12
  2963  1.162387E-12
  2964  1.161431E-12
  2965  1.160473E-12
  2966  1.159514E-12
  2967  1.158554E-12
  2968  1.157595E-12
  2969  1.156637E-12
  2970  1.155682E-12
  2971  1.154729E-12
  2972  1.153779E-12
  2973  1.152831E-12
  2974  1.151887E-12
  2975  1.150946E-12
  2976  1.150008E-12
  2977  1.149074E-12
  2978  1.148145E-12
  2979  1.147219E-12
  2980  1.146299E-12
  2981  1.145382E-12
  2982  1.144470E-12
  2983  1.143560E-12
  2984  1.142654E-12
  2985  1.141748E-12
  2986  1.140843E-12
  2987  1.139938E-12
  2988  1.139032E-12
  2989  1.138125E-12
  2990  1.137217E-12
  2991  1.136307E-12
  2992  1.135396E-12
  2993  1.134484E-12
  2994  1.133570E-12
  2995  1.132656E-12
  2996  1.131741E-12
  2997  1.130826E-12
  2998  1.129911E-12
  2999  1.128996E-12
  3000  1.128081E-12
  3001  1.127166E-12
  3002  1.126252E-12
  3003  1.125339E-12
  3004  1.124427E-12
  3005  1.123516E-12
  3006  1.122607E-12
  3007  1.121700E-12
  3008  1.120794E-12
  3009  1.119889E-12
  3010  1.118985E-12
  3011  1.118081E-12
  3012  1.117178E-12
  3013  1.116276E-12
  3014  1.115375E-12
  3015  1.114475E-12
  3016  1.113575E-12
  3017  1.112675E-12
  3018  1.111776E-12
  3019  1.110878E-12
  3020  1.109980E-12
  3021  1.109082E-12
  3022  1.108184E-12
  3023  1.107288E-12
  3024  1.106392E-12
  3025  1.105498E-12
  3026  1.104606E-12
  3027  1.103716E-12
  3028  1.102829E-12
  3029  1.101945E-12
  3030  1.101064E-12
  3031  1.100186E-12
  3032  1.099311E-12
  3033  1.098438E-12
  3034  1.097566E-12
  3035  1.096694E-12
  3036  1.095824E-12
  3037  1.094953E-12
  3038  1.094084E-12
  3039  1.093216E-12
  3040  1.092349E-12
  3041  1.091483E-12
  3042  1.090617E-12
  3043  1.089752E-12
  3044  1.088886E-12
  3045  1.088020E-12
  3046  1.087152E-12
  3047  1.086283E-12
  3048  1.085412E-12
  3049  1.084539E-12
  3050  1.083665E-12
  3051  1.082790E-12
  3052  1.081914E-12
  3053  1.081039E-12
  3054  1.080167E-12
  3055  1.079297E-12
  3056  1.078430E-12
  3057  1.077567E-12
  3058  1.076707E-12
  3059  1.075848E-12
  3060  1.074992E-12
  3061  1.074138E-12
  3062  1.073287E-12
  3063  1.072438E-12
  3064  1.071591E-12
  3065  1.070748E-12
  3066  1.069908E-12
  3067  1.069071E-12
  3068  1.068237E-12
  3069  1.067407E-12
  3070  1.066580E-12
  3071  1.065755E-12
  3072  1.064930E-12
  3073  1.064105E-12
  3074  1.063279E-12
  3075  1.062450E-12
  3076  1.061618E-12
  3077  1.060784E-12
  3078  1.059947E-12
  3079  1.059108E-12
  3080  1.058267E-12
  3081  1.057425E-12
  3082  1.056583E-12
  3083  1.055739E-12
  3084  1.054895E-12
  3085  1.054051E-12
  3086  1.053205E-12
  3087  1.052359E-12
  3088  1.051511E-12
  3089  1.050662E-12
  3090  1.049814E-12
  3091  1.048967E-12
  3092  1.048123E-12
  3093  1.047281E-12
  3094  1.046444E-12
  3095  1.045610E-12
  3096  1.044781E-12
  3097  1.043957E-12
  3098  1.043137E-12
  3099  1.042321E-12
  3100  1.041508E-12
  3101  1.040697E-12
  3102  1.039888E-12
  3103  1.039081E-12
  3104  1.038274E-12
  3105  1.037470E-12
  3106  1.036666E-12
  3107  1.035865E-12
  3108  1.035064E-12
  3109  1.034266E-12
  3110  1.033468E-12
  3111  1.032670E-12
  3112  1.031870E-12
  3113  1.031070E-12
  3114  1.030268E-12
  3115  1.029464E-12
  3116  1.028659E-12
  3117  1.027853E-12
  3118  1.027047E-12
  3119  1.026240E-12
  3120  1.025434E-12
  3121  1.024628E-12
  3122  1.023825E-12
  3123  1.023023E-12
  3124  1.022223E-12
  3125  1.021425E-12
  3126  1.020628E-12
  3127  1.019832E-12
  3128  1.019036E-12
  3129  1.018241E-12
  3130  1.017445E-12
  3131  1.016651E-12
  3132  1.015858E-12
  3133  1.015067E-12
  3134  1.014277E-12
  3135  1.013488E-12
  3136  1.012701E-12
  3137  1.011915E-12
  3138  1.011129E-12
  3139  1.010342E-12
  3140  1.009555E-12
  3141  1.008766E-12
  3142  1.007976E-12
  3143  1.007186E-12
  3144  1.006394E-12
  3145  1.005603E-12
  3146  1.004812E-12
  3147  1.004022E-12
  3148  1.003235E-12
  3149  1.002450E-12
  3150  1.001667E-12
  3151  1.000888E-12
  3152  1.000110E-12
  3153  9.993346E-13
  3154  9.985603E-13
  3155  9.977869E-13
  3156  9.970142E-13
  3157  9.962426E-13
  3158  9.954726E-13
  3159  9.947048E-13
  3160  9.939397E-13
  3161  9.931769E-13
  3162  9.924162E-13
  3163  9.916570E-13
  3164  9.908991E-13
  3165  9.901416E-13
  3166  9.893841E-13
  3167  9.886259E-13
  3168  9.878663E-13
  3169  9.871048E-13
  3170  9.863410E-13
  3171  9.855752E-13
  3172  9.848080E-13
  3173  9.840401E-13
  3174  9.832722E-13
  3175  9.825050E-13
  3176  9.817392E-13
  3177  9.809750E-13
  3178  9.802123E-13
  3179  9.794508E-13
  3180  9.786904E-13
  3181  9.779309E-13
  3182  9.771726E-13
  3183  9.764156E-13
  3184  9.756602E-13
  3185  9.749068E-13
  3186  9.741555E-13
  3187  9.734068E-13
  3188  9.726611E-13
  3189  9.719186E-13
  3190  9.711798E-13
  3191  9.704445E-13
  3192  9.697122E-13
  3193  9.689823E-13
  3194  9.682540E-13
  3195  9.675266E-13
  3196  9.667995E-13
  3197  9.660718E-13
  3198  9.653435E-13
  3199  9.646146E-13
  3200  9.638852E-13
  3201  9.631557E-13
  3202  9.624267E-13
  3203  9.616982E-13
  3204  9.609701E-13
  3205  9.602426E-13
  3206  9.595153E-13
  3207  9.587881E-13
  3208  9.580609E-13
  3209  9.573337E-13
  3210  9.566064E-13
  3211  9.558787E-13
  3212  9.551506E-13
  3213  9.544225E-13
  3214  9.536949E-13
  3215  9.529681E-13
  3216  9.522426E-13
  3217  9.515189E-13
  3218  9.507974E-13
  3219  9.500780E-13
  3220  9.493607E-13
  3221  9.486452E-13
  3222  9.479312E-13
  3223  9.472182E-13
  3224  9.465063E-13
  3225  9.457954E-13
  3226  9.450855E-13
  3227  9.443767E-13
  3228  9.436690E-13
  3229  9.429621E-13
  3230  9.422559E-13
  3231  9.415507E-13
  3232  9.408464E-13
  3233  9.401431E-13
  3234  9.394406E-13
  3235  9.387387E-13
  3236  9.380372E-13
  3237  9.373357E-13
  3238  9.366339E-13
  3239  9.359315E-13
  3240  9.352284E-13
  3241  9.345247E-13
  3242  9.338205E-13
  3243  9.331156E-13
  3244  9.324103E-13
  3245  9.317043E-13
  3246  9.309979E-13
  3247  9.302909E-13
  3248  9.295835E-13
  3249  9.288756E-13
  3250  9.281676E-13
  3251  9.274597E-13
  3252  9.267523E-13
  3253  9.260456E-13
  3254  9.253397E-13
  3255  9.246349E-13
  3256  9.239316E-13
  3257  9.232302E-13
  3258  9.225309E-13
  3259  9.218335E-13
  3260  9.211382E-13
  3261  9.204450E-13
  3262  9.197544E-13
  3263  9.190666E-13
  3264  9.183816E-13
  3265  9.176992E-13
  3266  9.170191E-13
  3267  9.163414E-13
  3268  9.156659E-13
  3269  9.149926E-13
  3270  9.143209E-13
  3271  9.136502E-13
  3272  9.129798E-13
  3273  9.123090E-13
  3274  9.116369E-13
  3275  9.109629E-13
  3276  9.102865E-13
  3277  9.096077E-13
  3278  9.089267E-13
  3279  9.082439E-13
  3280  9.075593E-13
  3281  9.068730E-13
  3282  9.061850E-13
  3283  9.054955E-13
  3284  9.048048E-13
  3285  9.041134E-13
  3286  9.034215E-13
  3287  9.027295E-13
  3288  9.020377E-13
  3289  9.013467E-13
  3290  9.006569E-13
  3291  8.999692E-13
  3292  8.992844E-13
  3293  8.986035E-13
  3294  8.979275E-13
  3295  8.972570E-13
  3296  8.965922E-13
  3297  8.959327E-13
  3298  8.952781E-13
  3299  8.946279E-13
  3300  8.939815E-13
  3301  8.933383E-13
  3302  8.926978E-13
  3303  8.920594E-13
  3304  8.914226E-13
  3305  8.907868E-13
  3306  8.901515E-13
  3307  8.895160E-13
  3308  8.888794E-13
  3309  8.882415E-13
  3310  8.876019E-13
  3311  8.869601E-13
  3312  8.863157E-13
  3313  8.856681E-13
  3314  8.850171E-13
  3315  8.843625E-13
  3316  8.837047E-13
  3317  8.830441E-13
  3318  8.823810E-13
  3319  8.817161E-13
  3320  8.810500E-13
  3321  8.803831E-13
  3322  8.797161E-13
  3323  8.790494E-13
  3324  8.783838E-13
  3325  8.777201E-13
  3326  8.770588E-13
  3327  8.764007E-13
  3328  8.757462E-13
  3329  8.750951E-13
  3330  8.744473E-13
  3331  8.738025E-13
  3332  8.731608E-13
  3333  8.725218E-13
  3334  8.718851E-13
  3335  8.712504E-13
  3336  8.706171E-13
  3337  8.699851E-13
  3338  8.693540E-13
  3339  8.687234E-13
  3340  8.680934E-13
  3341  8.674637E-13
  3342  8.668339E-13
  3343  8.662037E-13
  3344  8.655728E-13
  3345  8.649410E-13
  3346  8.643080E-13
  3347  8.636733E-13
  3348  8.630372E-13
  3349  8.624002E-13
  3350  8.617629E-13
  3351  8.611257E-13
  3352  8.604890E-13
  3353  8.598531E-13
  3354  8.592185E-13
  3355  8.585856E-13
  3356  8.579548E-13
  3357  8.573263E-13
  3358  8.567002E-13
  3359  8.560766E-13
  3360  8.554552E-13
  3361  8.548358E-13
  3362  8.542184E-13
  3363  8.536029E-13
  3364  8.529892E-13
  3365  8.523773E-13
  3366  8.517668E-13
  3367  8.511577E-13
  3368  8.505496E-13
  3369  8.499420E-13
  3370  8.493343E-13
  3371  8.487264E-13
  3372  8.481182E-13
  3373  8.475099E-13
  3374  8.469014E-13
  3375  8.462923E-13
  3376  8.456825E-13
  3377  8.450717E-13
  3378  8.444601E-13
  3379  8.438481E-13
  3380  8.432359E-13
  3381  8.426238E-13
  3382  8.420118E-13
  3383  8.413999E-13
  3384  8.407885E-13
  3385  8.401777E-13
  3386  8.395676E-13
  3387  8.389586E-13
  3388  8.383508E-13
  3389  8.377446E-13
  3390  8.371402E-13
  3391  8.365376E-13
  3392  8.359365E-13
  3393  8.353365E-13
  3394  8.347376E-13
  3395  8.341399E-13
  3396  8.335435E-13
  3397  8.329484E-13
  3398  8.323543E-13
  3399  8.317609E-13
  3400  8.311677E-13
  3401  8.305749E-13
  3402  8.299827E-13
  3403  8.293910E-13
  3404  8.287995E-13
  3405  8.282082E-13
  3406  8.276171E-13
  3407  8.270263E-13
  3408  8.264356E-13
  3409  8.258450E-13
  3410  8.252543E-13
  3411  8.246635E-13
  3412  8.240725E-13
  3413  8.234812E-13
  3414  8.228892E-13
  3415  8.222964E-13
  3416  8.217027E-13
  3417  8.211077E-13
  3418  8.205116E-13
  3419  8.199147E-13
  3420  8.193174E-13
  3421  8.187196E-13
  3422  8.181214E-13
  3423  8.175230E-13
  3424  8.169247E-13
  3425  8.163267E-13
  3426  8.157292E-13
  3427  8.151321E-13
  3428  8.145355E-13
  3429  8.139394E-13
  3430  8.133442E-13
  3431  8.127503E-13
  3432  8.121584E-13
  3433  8.115692E-13
  3434  8.109831E-13
  3435  8.104008E-13
  3436  8.098226E-13
  3437  8.092491E-13
  3438  8.086803E-13
  3439  8.081157E-13
  3440  8.075547E-13
  3441  8.069967E-13
  3442  8.064412E-13
  3443  8.058875E-13
  3444  8.053350E-13
  3445  8.047830E-13
  3446  8.042311E-13
  3447  8.036787E-13
  3448  8.031253E-13
  3449  8.025706E-13
  3450  8.020140E-13
  3451  8.014548E-13
  3452  8.008924E-13
  3453  8.003264E-13
  3454  7.997564E-13
  3455  7.991821E-13
  3456  7.986032E-13
  3457  7.980195E-13
  3458  7.974314E-13
  3459  7.968393E-13
  3460  7.962442E-13
  3461  7.956469E-13
  3462  7.950485E-13
  3463  7.944503E-13
  3464  7.938533E-13
  3465  7.932587E-13
  3466  7.926674E-13
  3467  7.920803E-13
  3468  7.914980E-13
  3469  7.909212E-13
  3470  7.903504E-13
  3471  7.897860E-13
  3472  7.892282E-13
  3473  7.886767E-13
  3474  7.881312E-13
  3475  7.875917E-13
  3476  7.870577E-13
  3477  7.865288E-13
  3478  7.860043E-13
  3479  7.854834E-13
  3480  7.849653E-13
  3481  7.844490E-13
  3482  7.839331E-13
  3483  7.834162E-13
  3484  7.828969E-13
  3485  7.823741E-13
  3486  7.818469E-13
  3487  7.813147E-13
  3488  7.807772E-13
  3489  7.802341E-13
  3490  7.796851E-13
  3491  7.791302E-13
  3492  7.785699E-13
  3493  7.780047E-13
  3494  7.774354E-13
  3495  7.768626E-13
  3496  7.762871E-13
  3497  7.757098E-13
  3498  7.751317E-13
  3499  7.745536E-13
  3500  7.739763E-13
  3501  7.734007E-13
  3502  7.728278E-13
  3503  7.722585E-13
  3504  7.716940E-13
  3505  7.711347E-13
  3506  7.705810E-13
  3507  7.700328E-13
  3508  7.694901E-13
  3509  7.689528E-13
  3510  7.684207E-13
  3511  7.678934E-13
  3512  7.673700E-13
  3513  7.668499E-13
  3514  7.663324E-13
  3515  7.658167E-13
  3516  7.653019E-13
  3517  7.647870E-13
  3518  7.642714E-13
  3519  7.637547E-13
  3520  7.632363E-13
  3521  7.627158E-13
  3522  7.621929E-13
  3523  7.616670E-13
  3524  7.611378E-13
  3525  7.606050E-13
  3526  7.600691E-13
  3527  7.595303E-13
  3528  7.589890E-13
  3529  7.584456E-13
  3530  7.579008E-13
  3531  7.573549E-13
  3532  7.568085E-13
  3533  7.562623E-13
  3534  7.557166E-13
  3535  7.551721E-13
  3536  7.546293E-13
  3537  7.540888E-13
  3538  7.535510E-13
  3539  7.530160E-13
  3540  7.524838E-13
  3541  7.519544E-13
  3542  7.514280E-13
  3543  7.509048E-13
  3544  7.503851E-13
  3545  7.498687E-13
  3546  7.493551E-13
  3547  7.488438E-13
  3548  7.483344E-13
  3549  7.478262E-13
  3550  7.473187E-13
  3551  7.468118E-13
  3552  7.463055E-13
  3553  7.457996E-13
  3554  7.452939E-13
  3555  7.447883E-13
  3556  7.442825E-13
  3557  7.437760E-13
  3558  7.432685E-13
  3559  7.427601E-13
  3560  7.422508E-13
  3561  7.417409E-13
  3562  7.412302E-13
  3563  7.407186E-13
  3564  7.402061E-13
  3565  7.396928E-13
  3566  7.391792E-13
  3567  7.386652E-13
  3568  7.381512E-13
  3569  7.376373E-13
  3570  7.371237E-13
  3571  7.366103E-13
  3572  7.360965E-13
  3573  7.355820E-13
  3574  7.350667E-13
  3575  7.345506E-13
  3576  7.340341E-13
  3577  7.335176E-13
  3578  7.330013E-13
  3579  7.324851E-13
  3580  7.319690E-13
  3581  7.314528E-13
  3582  7.309364E-13
  3583  7.304199E-13
  3584  7.299037E-13
  3585  7.293879E-13
  3586  7.288729E-13
  3587  7.283589E-13
  3588  7.278461E-13
  3589  7.273347E-13
  3590  7.268249E-13
  3591  7.263173E-13
  3592  7.258125E-13
  3593  7.253108E-13
  3594  7.248122E-13
  3595  7.243163E-13
  3596  7.238229E-13
  3597  7.233316E-13
  3598  7.228422E-13
  3599  7.223547E-13
  3600  7.218691E-13
  3601  7.213851E-13
  3602  7.209027E-13
  3603  7.204211E-13
  3604  7.199397E-13
  3605  7.194579E-13
  3606  7.189751E-13
  3607  7.184905E-13
  3608  7.180036E-13
  3609  7.175141E-13
  3610  7.170216E-13
  3611  7.165258E-13
  3612  7.160266E-13
  3613  7.155239E-13
  3614  7.150180E-13
  3615  7.145094E-13
  3616  7.139984E-13
  3617  7.134853E-13
  3618  7.129705E-13
  3619  7.124545E-13
  3620  7.119378E-13
  3621  7.114210E-13
  3622  7.109047E-13
  3623  7.103898E-13
  3624  7.098773E-13
  3625  7.093682E-13
  3626  7.088634E-13
  3627  7.083637E-13
  3628  7.078696E-13
  3629  7.073812E-13
  3630  7.068985E-13
  3631  7.064215E-13
  3632  7.059498E-13
  3633  7.054832E-13
  3634  7.050210E-13
  3635  7.045626E-13
  3636  7.041073E-13
  3637  7.036545E-13
  3638  7.032032E-13
  3639  7.027527E-13
  3640  7.023020E-13
  3641  7.018502E-13
  3642  7.013964E-13
  3643  7.009395E-13
  3644  7.004784E-13
  3645  7.000124E-13
  3646  6.995407E-13
  3647  6.990630E-13
  3648  6.985791E-13
  3649  6.980891E-13
  3650  6.975933E-13
  3651  6.970922E-13
  3652  6.965866E-13
  3653  6.960773E-13
  3654  6.955652E-13
  3655  6.950513E-13
  3656  6.945366E-13
  3657  6.940222E-13
  3658  6.935093E-13
  3659  6.929987E-13
  3660  6.924916E-13
  3661  6.919889E-13
  3662  6.914917E-13
  3663  6.910005E-13
  3664  6.905158E-13
  3665  6.900379E-13
  3666  6.895672E-13
  3667  6.891035E-13
  3668  6.886464E-13
  3669  6.881955E-13
  3670  6.877502E-13
  3671  6.873094E-13
  3672  6.868721E-13
  3673  6.864374E-13
  3674  6.860040E-13
  3675  6.855709E-13
  3676  6.851368E-13
  3677  6.847006E-13
  3678  6.842616E-13
  3679  6.838190E-13
  3680  6.833721E-13
  3681  6.829202E-13
  3682  6.824628E-13
  3683  6.819999E-13
  3684  6.815315E-13
  3685  6.810575E-13
  3686  6.805783E-13
  3687  6.800947E-13
  3688  6.796072E-13
  3689  6.791170E-13
  3690  6.786250E-13
  3691  6.781323E-13
  3692  6.776399E-13
  3693  6.771490E-13
  3694  6.766608E-13
  3695  6.761763E-13
  3696  6.756965E-13
  3697  6.752222E-13
  3698  6.747537E-13
  3699  6.742910E-13
  3700  6.738344E-13
  3701  6.733840E-13
  3702  6.729398E-13
  3703  6.725013E-13
  3704  6.720680E-13
  3705  6.716395E-13
  3706  6.712148E-13
  3707  6.707930E-13
  3708  6.703732E-13
  3709  6.699541E-13
  3710  6.695346E-13
  3711  6.691136E-13
  3712  6.686903E-13
  3713  6.682637E-13
  3714  6.678330E-13
  3715  6.673973E-13
  3716  6.669561E-13
  3717  6.665089E-13
  3718  6.660560E-13
  3719  6.655978E-13
  3720  6.651344E-13
  3721  6.646660E-13
  3722  6.641934E-13
  3723  6.637174E-13
  3724  6.632388E-13
  3725  6.627585E-13
  3726  6.622774E-13
  3727  6.617967E-13
  3728  6.613172E-13
  3729  6.608400E-13
  3730  6.603658E-13
  3731  6.598955E-13
  3732  6.594295E-13
  3733  6.589682E-13
  3734  6.585122E-13
  3735  6.580616E-13
  3736  6.576168E-13
  3737  6.571777E-13
  3738  6.567438E-13
  3739  6.563147E-13
  3740  6.558899E-13
  3741  6.554690E-13
  3742  6.550510E-13
  3743  6.546350E-13
  3744  6.542200E-13
  3745  6.538051E-13
  3746  6.533896E-13
  3747  6.529728E-13
  3748  6.525540E-13
  3749  6.521328E-13
  3750  6.517083E-13
  3751  6.512803E-13
  3752  6.508485E-13
  3753  6.504130E-13
  3754  6.499742E-13
  3755  6.495318E-13
  3756  6.490860E-13
  3757  6.486370E-13
  3758  6.481853E-13
  3759  6.477314E-13
  3760  6.472761E-13
  3761  6.468199E-13
  3762  6.463638E-13
  3763  6.459087E-13
  3764  6.454554E-13
  3765  6.450044E-13
  3766  6.445562E-13
  3767  6.441112E-13
  3768  6.436696E-13
  3769  6.432321E-13
  3770  6.427987E-13
  3771  6.423696E-13
  3772  6.419444E-13
  3773  6.415230E-13
  3774  6.411050E-13
  3775  6.406902E-13
  3776  6.402783E-13
  3777  6.398689E-13
  3778  6.394615E-13
  3779  6.390555E-13
  3780  6.386502E-13
  3781  6.382451E-13
  3782  6.378394E-13
  3783  6.374326E-13
  3784  6.370240E-13
  3785  6.366130E-13
  3786  6.361994E-13
  3787  6.357831E-13
  3788  6.353639E-13
  3789  6.349419E-13
  3790  6.345170E-13
  3791  6.340894E-13
  3792  6.336594E-13
  3793  6.332273E-13
  3794  6.327935E-13
  3795  6.323583E-13
  3796  6.319221E-13
  3797  6.314856E-13
  3798  6.310489E-13
  3799  6.306124E-13
  3800  6.301763E-13
  3801  6.297411E-13
  3802  6.293073E-13
  3803  6.288754E-13
  3804  6.284459E-13
  3805  6.280190E-13
  3806  6.275947E-13
  3807  6.271730E-13
  3808  6.267538E-13
  3809  6.263370E-13
  3810  6.259227E-13
  3811  6.255107E-13
  3812  6.251008E-13
  3813  6.246927E-13
  3814  6.242861E-13
  3815  6.238805E-13
  3816  6.234758E-13
  3817  6.230717E-13
  3818  6.226681E-13
  3819  6.222649E-13
  3820  6.218619E-13
  3821  6.214585E-13
  3822  6.210545E-13
  3823  6.206493E-13
  3824  6.202429E-13
  3825  6.198351E-13
  3826  6.194261E-13
  3827  6.190160E-13
  3828  6.186050E-13
  3829  6.181931E-13
  3830  6.177803E-13
  3831  6.173668E-13
  3832  6.169525E-13
  3833  6.165378E-13
  3834  6.161227E-13
  3835  6.157072E-13
  3836  6.152917E-13
  3837  6.148761E-13
  3838  6.144609E-13
  3839  6.140463E-13
  3840  6.136324E-13
  3841  6.132199E-13
  3842  6.128092E-13
  3843  6.124006E-13
  3844  6.119944E-13
  3845  6.115905E-13
  3846  6.111887E-13
  3847  6.107890E-13
  3848  6.103912E-13
  3849  6.099952E-13
  3850  6.096011E-13
  3851  6.092088E-13
  3852  6.088182E-13
  3853  6.084292E-13
  3854  6.080417E-13
  3855  6.076555E-13
  3856  6.072703E-13
  3857  6.068857E-13
  3858  6.065012E-13
  3859  6.061164E-13
  3860  6.057307E-13
  3861  6.053439E-13
  3862  6.049554E-13
  3863  6.045653E-13
  3864  6.041734E-13
  3865  6.037796E-13
  3866  6.033840E-13
  3867  6.029866E-13
  3868  6.025873E-13
  3869  6.021859E-13
  3870  6.017826E-13
  3871  6.013772E-13
  3872  6.009700E-13
  3873  6.005614E-13
  3874  6.001518E-13
  3875  5.997416E-13
  3876  5.993314E-13
  3877  5.989220E-13
  3878  5.985139E-13
  3879  5.981078E-13
  3880  5.977043E-13
  3881  5.973036E-13
  3882  5.969057E-13
  3883  5.965108E-13
  3884  5.961188E-13
  3885  5.957298E-13
  3886  5.953439E-13
  3887  5.949614E-13
  3888  5.945824E-13
  3889  5.942067E-13
  3890  5.938344E-13
  3891  5.934653E-13
  3892  5.930992E-13
  3893  5.927355E-13
  3894  5.923736E-13
  3895  5.920129E-13
  3896  5.916527E-13
  3897  5.912922E-13
  3898  5.909309E-13
  3899  5.905682E-13
  3900  5.902038E-13
  3901  5.898372E-13
  3902  5.894681E-13
  3903  5.890964E-13
  3904  5.887219E-13
  3905  5.883444E-13
  3906  5.879638E-13
  3907  5.875802E-13
  3908  5.871939E-13
  3909  5.868050E-13
  3910  5.864140E-13
  3911  5.860213E-13
  3912  5.856271E-13
  3913  5.852318E-13
  3914  5.848360E-13
  3915  5.844401E-13
  3916  5.840443E-13
  3917  5.836491E-13
  3918  5.832548E-13
  3919  5.828616E-13
  3920  5.824701E-13
  3921  5.820807E-13
  3922  5.816940E-13
  3923  5.813105E-13
  3924  5.809305E-13
  3925  5.805541E-13
  3926  5.801812E-13
  3927  5.798115E-13
  3928  5.794448E-13
  3929  5.790808E-13
  3930  5.787190E-13
  3931  5.783592E-13
  3932  5.780009E-13
  3933  5.776439E-13
  3934  5.772882E-13
  3935  5.769338E-13
  3936  5.765807E-13
  3937  5.762289E-13
  3938  5.758782E-13
  3939  5.755285E-13
  3940  5.751795E-13
  3941  5.748306E-13
  3942  5.744816E-13
  3943  5.741321E-13
  3944  5.737817E-13
  3945  5.734304E-13
  3946  5.730781E-13
  3947  5.727247E-13
  3948  5.723702E-13
  3949  5.720147E-13
  3950  5.716582E-13
  3951  5.713009E-13
  3952  5.709426E-13
  3953  5.705832E-13
  3954  5.702226E-13
  3955  5.698610E-13
  3956  5.694980E-13
  3957  5.691337E-13
  3958  5.687682E-13
  3959  5.684015E-13
  3960  5.680340E-13
  3961  5.676658E-13
  3962  5.672970E-13
  3963  5.669279E-13
  3964  5.665584E-13
  3965  5.661887E-13
  3966  5.658191E-13
  3967  5.654499E-13
  3968  5.650813E-13
  3969  5.647136E-13
  3970  5.643473E-13
  3971  5.639824E-13
  3972  5.636193E-13
  3973  5.632581E-13
  3974  5.628988E-13
  3975  5.625415E-13
  3976  5.621863E-13
  3977  5.618331E-13
  3978  5.614819E-13
  3979  5.611323E-13
  3980  5.607842E-13
  3981  5.604375E-13
  3982  5.600921E-13
  3983  5.597479E-13
  3984  5.594050E-13
  3985  5.590630E-13
  3986  5.587217E-13
  3987  5.583809E-13
  3988  5.580401E-13
  3989  5.576988E-13
  3990  5.573567E-13
  3991  5.570135E-13
  3992  5.566689E-13
  3993  5.563228E-13
  3994  5.559750E-13
  3995  5.556254E-13
  3996  5.552738E-13
  3997  5.549202E-13
  3998  5.545647E-13
  3999  5.542076E-13
  4000  5.538490E-13
  4001  5.534891E-13
  4002  5.531281E-13
  4003  5.527663E-13
  4004  5.524038E-13
  4005  5.520409E-13
  4006  5.516779E-13
  4007  5.513153E-13
  4008  5.509533E-13
  4009  5.505925E-13
  4010  5.502332E-13
  4011  5.498757E-13
  4012  5.495204E-13
  4013  5.491676E-13
  4014  5.488178E-13
  4015  5.484709E-13
  4016  5.481273E-13
  4017  5.477871E-13
  4018  5.474501E-13
  4019  5.471158E-13
  4020  5.467841E-13
  4021  5.464545E-13
  4022  5.461269E-13
  4023  5.458008E-13
  4024  5.454759E-13
  4025  5.451519E-13
  4026  5.448281E-13
  4027  5.445043E-13
  4028  5.441799E-13
  4029  5.438544E-13
  4030  5.435275E-13
  4031  5.431988E-13
  4032  5.428678E-13
  4033  5.425338E-13
  4034  5.421964E-13
  4035  5.418551E-13
  4036  5.415098E-13
  4037  5.411605E-13
  4038  5.408077E-13
  4039  5.404516E-13
  4040  5.400927E-13
  4041  5.397314E-13
  4042  5.393680E-13
  4043  5.390029E-13
  4044  5.386366E-13
  4045  5.382697E-13
  4046  5.379027E-13
  4047  5.375359E-13
  4048  5.371698E-13
  4049  5.368053E-13
  4050  5.364427E-13
  4051  5.360829E-13
  4052  5.357264E-13
  4053  5.353740E-13
  4054  5.350266E-13
  4055  5.346846E-13
  4056  5.343482E-13
  4057  5.340171E-13
  4058  5.336911E-13
  4059  5.333698E-13
  4060  5.330531E-13
  4061  5.327405E-13
  4062  5.324316E-13
  4063  5.321257E-13
  4064  5.318224E-13
  4065  5.315213E-13
  4066  5.312217E-13
  4067  5.309233E-13
  4068  5.306252E-13
  4069  5.303268E-13
  4070  5.300269E-13
  4071  5.297249E-13
  4072  5.294198E-13
  4073  5.291107E-13
  4074  5.287967E-13
  4075  5.284775E-13
  4076  5.281529E-13
  4077  5.278230E-13
  4078  5.274882E-13
  4079  5.271486E-13
  4080  5.268047E-13
  4081  5.264569E-13
  4082  5.261057E-13
  4083  5.257515E-13
  4084  5.253950E-13
  4085  5.250366E-13
  4086  5.246771E-13
  4087  5.243171E-13
  4088  5.239575E-13
  4089  5.235993E-13
  4090  5.232436E-13
  4091  5.228913E-13
  4092  5.225435E-13
  4093  5.222010E-13
  4094  5.218647E-13
  4095  5.215352E-13
  4096  5.212125E-13
  4097  5.208963E-13
  4098  5.205861E-13
  4099  5.202816E-13
  4100  5.199822E-13
  4101  5.196874E-13
  4102  5.193967E-13
  4103  5.191098E-13
  4104  5.188259E-13
  4105  5.185444E-13
  4106  5.182642E-13
  4107  5.179845E-13
  4108  5.177045E-13
  4109  5.174230E-13
  4110  5.171390E-13
  4111  5.168514E-13
  4112  5.165591E-13
  4113  5.162610E-13
  4114  5.159561E-13
  4115  5.156440E-13
  4116  5.153250E-13
  4117  5.149992E-13
  4118  5.146673E-13
  4119  5.143297E-13
  4120  5.139872E-13
  4121  5.136403E-13
  4122  5.132896E-13
  4123  5.129358E-13
  4124  5.125795E-13
  4125  5.122218E-13
  4126  5.118637E-13
  4127  5.115059E-13
  4128  5.111495E-13
  4129  5.107955E-13
  4130  5.104452E-13
  4131  5.100997E-13
  4132  5.097601E-13
  4133  5.094276E-13
  4134  5.091030E-13
  4135  5.087864E-13
  4136  5.084776E-13
  4137  5.081763E-13
  4138  5.078819E-13
  4139  5.075938E-13
  4140  5.073112E-13
  4141  5.070333E-13
  4142  5.067594E-13
  4143  5.064886E-13
  4144  5.062201E-13
  4145  5.059528E-13
  4146  5.056856E-13
  4147  5.054174E-13
  4148  5.051474E-13
  4149  5.048741E-13
  4150  5.045966E-13
  4151  5.043138E-13
  4152  5.040245E-13
  4153  5.037280E-13
  4154  5.034237E-13
  4155  5.031118E-13
  4156  5.027929E-13
  4157  5.024672E-13
  4158  5.021354E-13
  4159  5.017981E-13
  4160  5.014560E-13
  4161  5.011101E-13
  4162  5.007611E-13
  4163  5.004101E-13
  4164  5.000581E-13
  4165  4.997060E-13
  4166  4.993548E-13
  4167  4.990058E-13
  4168  4.986599E-13
  4169  4.983181E-13
  4170  4.979815E-13
  4171  4.976509E-13
  4172  4.973274E-13
  4173  4.970118E-13
  4174  4.967040E-13
  4175  4.964035E-13
  4176  4.961099E-13
  4177  4.958225E-13
  4178  4.955409E-13
  4179  4.952646E-13
  4180  4.949930E-13
  4181  4.947252E-13
  4182  4.944603E-13
  4183  4.941975E-13
  4184  4.939359E-13
  4185  4.936747E-13
  4186  4.934131E-13
  4187  4.931503E-13
  4188  4.928853E-13
  4189  4.926172E-13
  4190  4.923455E-13
  4191  4.920691E-13
  4192  4.917873E-13
  4193  4.914994E-13
  4194  4.912057E-13
  4195  4.909064E-13
  4196  4.906021E-13
  4197  4.902932E-13
  4198  4.899801E-13
  4199  4.896632E-13
  4200  4.893430E-13
  4201  4.890200E-13
  4202  4.886948E-13
  4203  4.883682E-13
  4204  4.880408E-13
  4205  4.877134E-13
  4206  4.873867E-13
  4207  4.870613E-13
  4208  4.867375E-13
  4209  4.864159E-13
  4210  4.860971E-13
  4211  4.857816E-13
  4212  4.854698E-13
  4213  4.851623E-13
  4214  4.848590E-13
  4215  4.845599E-13
  4216  4.842645E-13
  4217  4.839728E-13
  4218  4.836844E-13
  4219  4.833990E-13
  4220  4.831165E-13
  4221  4.828365E-13
  4222  4.825585E-13
  4223  4.822822E-13
  4224  4.820072E-13
  4225  4.817330E-13
  4226  4.814593E-13
  4227  4.811857E-13
  4228  4.809122E-13
  4229  4.806387E-13
  4230  4.803651E-13
  4231  4.800912E-13
  4232  4.798170E-13
  4233  4.795420E-13
  4234  4.792663E-13
  4235  4.789897E-13
  4236  4.787122E-13
  4237  4.784338E-13
  4238  4.781546E-13
  4239  4.778748E-13
  4240  4.775943E-13
  4241  4.773133E-13
  4242  4.770316E-13
  4243  4.767491E-13
  4244  4.764657E-13
  4245  4.761815E-13
  4246  4.758965E-13
  4247  4.756104E-13
  4248  4.753229E-13
  4249  4.750338E-13
  4250  4.747430E-13
  4251  4.744499E-13
  4252  4.741545E-13
  4253  4.738568E-13
  4254  4.735569E-13
  4255  4.732551E-13
  4256  4.729515E-13
  4257  4.726465E-13
  4258  4.723404E-13
  4259  4.720335E-13
  4260  4.717261E-13
  4261  4.714185E-13
  4262  4.711112E-13
  4263  4.708048E-13
  4264  4.704998E-13
  4265  4.701965E-13
  4266  4.698954E-13
  4267  4.695973E-13
  4268  4.693027E-13
  4269  4.690121E-13
  4270  4.687262E-13
  4271  4.684456E-13
  4272  4.681708E-13
  4273  4.679018E-13
  4274  4.676385E-13
  4275  4.673804E-13
  4276  4.671271E-13
  4277  4.668779E-13
  4278  4.666323E-13
  4279  4.663896E-13
  4280  4.661491E-13
  4281  4.659102E-13
  4282  4.656722E-13
  4283  4.654343E-13
  4284  4.651956E-13
  4285  4.649554E-13
  4286  4.647128E-13
  4287  4.644671E-13
  4288  4.642173E-13
  4289  4.639624E-13
  4290  4.637016E-13
  4291  4.634340E-13
  4292  4.631591E-13
  4293  4.628767E-13
  4294  4.625872E-13
  4295  4.622913E-13
  4296  4.619896E-13
  4297  4.616827E-13
  4298  4.613714E-13
  4299  4.610565E-13
  4300  4.607390E-13
  4301  4.604197E-13
  4302  4.600992E-13
  4303  4.597786E-13
  4304  4.594589E-13
  4305  4.591410E-13
  4306  4.588260E-13
  4307  4.585147E-13
  4308  4.582082E-13
  4309  4.579077E-13
  4310  4.576142E-13
  4311  4.573289E-13
  4312  4.570524E-13
  4313  4.567848E-13
  4314  4.565254E-13
  4315  4.562735E-13
  4316  4.560284E-13
  4317  4.557896E-13
  4318  4.555562E-13
  4319  4.553273E-13
  4320  4.551019E-13
  4321  4.548793E-13
  4322  4.546585E-13
  4323  4.544386E-13
  4324  4.542185E-13
  4325  4.539972E-13
  4326  4.537735E-13
  4327  4.535466E-13
  4328  4.533153E-13
  4329  4.530785E-13
  4330  4.528349E-13
  4331  4.525834E-13
  4332  4.523232E-13
  4333  4.520544E-13
  4334  4.517776E-13
  4335  4.514937E-13
  4336  4.512032E-13
  4337  4.509069E-13
  4338  4.506053E-13
  4339  4.502993E-13
  4340  4.499898E-13
  4341  4.496777E-13
  4342  4.493640E-13
  4343  4.490496E-13
  4344  4.487356E-13
  4345  4.484231E-13
  4346  4.481132E-13
  4347  4.478068E-13
  4348  4.475053E-13
  4349  4.472095E-13
  4350  4.469209E-13
  4351  4.466403E-13
  4352  4.463686E-13
  4353  4.461057E-13
  4354  4.458510E-13
  4355  4.456038E-13
  4356  4.453634E-13
  4357  4.451291E-13
  4358  4.449003E-13
  4359  4.446763E-13
  4360  4.444563E-13
  4361  4.442394E-13
  4362  4.440246E-13
  4363  4.438110E-13
  4364  4.435977E-13
  4365  4.433836E-13
  4366  4.431675E-13
  4367  4.429484E-13
  4368  4.427253E-13
  4369  4.424970E-13
  4370  4.422626E-13
  4371  4.420210E-13
  4372  4.417717E-13
  4373  4.415147E-13
  4374  4.412507E-13
  4375  4.409802E-13
  4376  4.407039E-13
  4377  4.404226E-13
  4378  4.401371E-13
  4379  4.398479E-13
  4380  4.395557E-13
  4381  4.392614E-13
  4382  4.389657E-13
  4383  4.386694E-13
  4384  4.383735E-13
  4385  4.380788E-13
  4386  4.377865E-13
  4387  4.374974E-13
  4388  4.372127E-13
  4389  4.369330E-13
  4390  4.366593E-13
  4391  4.363923E-13
  4392  4.361325E-13
  4393  4.358795E-13
  4394  4.356328E-13
  4395  4.353919E-13
  4396  4.351559E-13
  4397  4.349243E-13
  4398  4.346964E-13
  4399  4.344715E-13
  4400  4.342492E-13
  4401  4.340288E-13
  4402  4.338097E-13
  4403  4.335911E-13
  4404  4.333722E-13
  4405  4.331522E-13
  4406  4.329304E-13
  4407  4.327060E-13
  4408  4.324782E-13
  4409  4.322463E-13
  4410  4.320097E-13
  4411  4.317680E-13
  4412  4.315210E-13
  4413  4.312690E-13
  4414  4.310125E-13
  4415  4.307522E-13
  4416  4.304885E-13
  4417  4.302220E-13
  4418  4.299532E-13
  4419  4.296826E-13
  4420  4.294108E-13
  4421  4.291384E-13
  4422  4.288657E-13
  4423  4.285934E-13
  4424  4.283220E-13
  4425  4.280521E-13
  4426  4.277840E-13
  4427  4.275184E-13
  4428  4.272559E-13
  4429  4.269971E-13
  4430  4.267425E-13
  4431  4.264922E-13
  4432  4.262463E-13
  4433  4.260046E-13
  4434  4.257667E-13
  4435  4.255320E-13
  4436  4.253003E-13
  4437  4.250709E-13
  4438  4.248435E-13
  4439  4.246176E-13
  4440  4.243926E-13
  4441  4.241681E-13
  4442  4.239438E-13
  4443  4.237193E-13
  4444  4.234942E-13
  4445  4.232683E-13
  4446  4.230412E-13
  4447  4.228123E-13
  4448  4.225815E-13
  4449  4.223482E-13
  4450  4.221123E-13
  4451  4.218736E-13
  4452  4.216319E-13
  4453  4.213877E-13
  4454  4.211411E-13
  4455  4.208927E-13
  4456  4.206428E-13
  4457  4.203918E-13
  4458  4.201402E-13
  4459  4.198882E-13
  4460  4.196362E-13
  4461  4.193846E-13
  4462  4.191337E-13
  4463  4.188839E-13
  4464  4.186353E-13
  4465  4.183883E-13
  4466  4.181431E-13
  4467  4.178999E-13
  4468  4.176590E-13
  4469  4.174203E-13
  4470  4.171838E-13
  4471  4.169497E-13
  4472  4.167178E-13
  4473  4.164878E-13
  4474  4.162596E-13
  4475  4.160326E-13
  4476  4.158067E-13
  4477  4.155815E-13
  4478  4.153567E-13
  4479  4.151321E-13
  4480  4.149074E-13
  4481  4.146825E-13
  4482  4.144571E-13
  4483  4.142309E-13
  4484  4.140037E-13
  4485  4.137755E-13
  4486  4.135461E-13
  4487  4.133156E-13
  4488  4.130840E-13
  4489  4.128517E-13
  4490  4.126187E-13
  4491  4.123852E-13
  4492  4.121514E-13
  4493  4.119174E-13
  4494  4.116835E-13
  4495  4.114498E-13
  4496  4.112166E-13
  4497  4.109840E-13
  4498  4.107521E-13
  4499  4.105212E-13
  4500  4.102913E-13
  4501  4.100625E-13
  4502  4.098348E-13
  4503  4.096083E-13
  4504  4.093829E-13
  4505  4.091587E-13
  4506  4.089354E-13
  4507  4.087127E-13
  4508  4.084903E-13
  4509  4.082679E-13
  4510  4.080452E-13
  4511  4.078220E-13
  4512  4.075979E-13
  4513  4.073729E-13
  4514  4.071468E-13
  4515  4.069196E-13
  4516  4.066912E-13
  4517  4.064616E-13
  4518  4.062307E-13
  4519  4.059984E-13
  4520  4.057649E-13
  4521  4.055302E-13
  4522  4.052945E-13
  4523  4.050579E-13
  4524  4.048205E-13
  4525  4.045825E-13
  4526  4.043442E-13
  4527  4.041060E-13
  4528  4.038684E-13
  4529  4.036316E-13
  4530  4.033961E-13
  4531  4.031622E-13
  4532  4.029300E-13
  4533  4.026998E-13
  4534  4.024716E-13
  4535  4.022455E-13
  4536  4.020215E-13
  4537  4.017995E-13
  4538  4.015795E-13
  4539  4.013616E-13
  4540  4.011454E-13
  4541  4.009311E-13
  4542  4.007184E-13
  4543  4.005071E-13
  4544  4.002971E-13
  4545  4.000881E-13
  4546  3.998798E-13
  4547  3.996718E-13
  4548  3.994636E-13
  4549  3.992550E-13
  4550  3.990457E-13
  4551  3.988353E-13
  4552  3.986235E-13
  4553  3.984101E-13
  4554  3.981950E-13
  4555  3.979781E-13
  4556  3.977594E-13
  4557  3.975389E-13
  4558  3.973167E-13
  4559  3.970930E-13
  4560  3.968677E-13
  4561  3.966410E-13
  4562  3.964129E-13
  4563  3.961835E-13
  4564  3.959532E-13
  4565  3.957220E-13
  4566  3.954904E-13
  4567  3.952585E-13
  4568  3.950266E-13
  4569  3.947950E-13
  4570  3.945642E-13
  4571  3.943343E-13
  4572  3.941058E-13
  4573  3.938788E-13
  4574  3.936536E-13
  4575  3.934302E-13
  4576  3.932087E-13
  4577  3.929891E-13
  4578  3.927712E-13
  4579  3.925550E-13
  4580  3.923402E-13
  4581  3.921270E-13
  4582  3.919150E-13
  4583  3.917043E-13
  4584  3.914946E-13
  4585  3.912860E-13
  4586  3.910782E-13
  4587  3.908712E-13
  4588  3.906647E-13
  4589  3.904584E-13
  4590  3.902519E-13
  4591  3.900451E-13
  4592  3.898375E-13
  4593  3.896289E-13
  4594  3.894192E-13
  4595  3.892082E-13
  4596  3.889960E-13
  4597  3.887824E-13
  4598  3.885675E-13
  4599  3.883513E-13
  4600  3.881339E-13
  4601  3.879155E-13
  4602  3.876961E-13
  4603  3.874758E-13
  4604  3.872546E-13
  4605  3.870326E-13
  4606  3.868099E-13
  4607  3.865865E-13
  4608  3.863626E-13
  4609  3.861385E-13
  4610  3.859145E-13
  4611  3.856908E-13
  4612  3.854678E-13
  4613  3.852457E-13
  4614  3.850246E-13
  4615  3.848046E-13
  4616  3.845857E-13
  4617  3.843681E-13
  4618  3.841518E-13
  4619  3.839369E-13
  4620  3.837233E-13
  4621  3.835112E-13
  4622  3.833004E-13
  4623  3.830909E-13
  4624  3.828829E-13
  4625  3.826761E-13
  4626  3.824704E-13
  4627  3.822658E-13
  4628  3.820621E-13
  4629  3.818591E-13
  4630  3.816567E-13
  4631  3.814546E-13
  4632  3.812526E-13
  4633  3.810505E-13
  4634  3.808483E-13
  4635  3.806459E-13
  4636  3.804432E-13
  4637  3.802401E-13
  4638  3.800365E-13
  4639  3.798323E-13
  4640  3.796273E-13
  4641  3.794216E-13
  4642  3.792151E-13
  4643  3.790076E-13
  4644  3.787993E-13
  4645  3.785900E-13
  4646  3.783798E-13
  4647  3.781689E-13
  4648  3.779574E-13
  4649  3.777452E-13
  4650  3.775325E-13
  4651  3.773191E-13
  4652  3.771053E-13
  4653  3.768911E-13
  4654  3.766766E-13
  4655  3.764620E-13
  4656  3.762473E-13
  4657  3.760327E-13
  4658  3.758182E-13
  4659  3.756040E-13
  4660  3.753900E-13
  4661  3.751766E-13
  4662  3.749639E-13
  4663  3.747519E-13
  4664  3.745410E-13
  4665  3.743311E-13
  4666  3.741223E-13
  4667  3.739146E-13
  4668  3.737080E-13
  4669  3.735026E-13
  4670  3.732984E-13
  4671  3.730954E-13
  4672  3.728937E-13
  4673  3.726933E-13
  4674  3.724940E-13
  4675  3.722956E-13
  4676  3.720982E-13
  4677  3.719016E-13
  4678  3.717057E-13
  4679  3.715105E-13
  4680  3.713158E-13
  4681  3.711213E-13
  4682  3.709267E-13
  4683  3.707318E-13
  4684  3.705364E-13
  4685  3.703404E-13
  4686  3.701436E-13
  4687  3.699458E-13
  4688  3.697472E-13
  4689  3.695475E-13
  4690  3.693466E-13
  4691  3.691446E-13
  4692  3.689412E-13
  4693  3.687365E-13
  4694  3.685307E-13
  4695  3.683238E-13
  4696  3.681158E-13
  4697  3.679067E-13
  4698  3.676966E-13
  4699  3.674856E-13
  4700  3.672738E-13
  4701  3.670614E-13
  4702  3.668488E-13
  4703  3.666361E-13
  4704  3.664235E-13
  4705  3.662113E-13
  4706  3.659994E-13
  4707  3.657882E-13
  4708  3.655778E-13
  4709  3.653683E-13
  4710  3.651598E-13
  4711  3.649525E-13
  4712  3.647465E-13
  4713  3.645416E-13
  4714  3.643379E-13
  4715  3.641355E-13
  4716  3.639344E-13
  4717  3.637346E-13
  4718  3.635362E-13
  4719  3.633394E-13
  4720  3.631441E-13
  4721  3.629501E-13
  4722  3.627575E-13
  4723  3.625659E-13
  4724  3.623754E-13
  4725  3.621858E-13
  4726  3.619970E-13
  4727  3.618087E-13
  4728  3.616210E-13
  4729  3.614335E-13
  4730  3.612462E-13
  4731  3.610589E-13
  4732  3.608716E-13
  4733  3.606843E-13
  4734  3.604969E-13
  4735  3.603093E-13
  4736  3.601213E-13
  4737  3.599327E-13
  4738  3.597432E-13
  4739  3.595527E-13
  4740  3.593611E-13
  4741  3.591685E-13
  4742  3.589748E-13
  4743  3.587800E-13
  4744  3.585840E-13
  4745  3.583870E-13
  4746  3.581889E-13
  4747  3.579898E-13
  4748  3.577899E-13
  4749  3.575891E-13
  4750  3.573878E-13
  4751  3.571857E-13
  4752  3.569832E-13
  4753  3.567801E-13
  4754  3.565766E-13
  4755  3.563727E-13
  4756  3.561687E-13
  4757  3.559649E-13
  4758  3.557615E-13
  4759  3.555586E-13
  4760  3.553562E-13
  4761  3.551546E-13
  4762  3.549538E-13
  4763  3.547541E-13
  4764  3.545555E-13
  4765  3.543580E-13
  4766  3.541619E-13
  4767  3.539669E-13
  4768  3.537733E-13
  4769  3.535810E-13
  4770  3.533899E-13
  4771  3.532002E-13
  4772  3.530116E-13
  4773  3.528244E-13
  4774  3.526382E-13
  4775  3.524532E-13
  4776  3.522692E-13
  4777  3.520861E-13
  4778  3.519037E-13
  4779  3.517220E-13
  4780  3.515407E-13
  4781  3.513598E-13
  4782  3.511790E-13
  4783  3.509982E-13
  4784  3.508173E-13
  4785  3.506360E-13
  4786  3.504542E-13
  4787  3.502719E-13
  4788  3.500888E-13
  4789  3.499050E-13
  4790  3.497202E-13
  4791  3.495345E-13
  4792  3.493479E-13
  4793  3.491605E-13
  4794  3.489722E-13
  4795  3.487831E-13
  4796  3.485930E-13
  4797  3.484021E-13
  4798  3.482104E-13
  4799  3.480179E-13
  4800  3.478248E-13
  4801  3.476311E-13
  4802  3.474371E-13
  4803  3.472426E-13
  4804  3.470480E-13
  4805  3.468534E-13
  4806  3.466589E-13
  4807  3.464647E-13
  4808  3.462709E-13
  4809  3.460777E-13
  4810  3.458851E-13
  4811  3.456933E-13
  4812  3.455022E-13
  4813  3.453118E-13
  4814  3.451223E-13
  4815  3.449336E-13
  4816  3.447457E-13
  4817  3.445588E-13
  4818  3.443728E-13
  4819  3.441877E-13
  4820  3.440036E-13
  4821  3.438203E-13
  4822  3.436380E-13
  4823  3.434566E-13
  4824  3.432761E-13
  4825  3.430964E-13
  4826  3.429175E-13
  4827  3.427393E-13
  4828  3.425617E-13
  4829  3.423844E-13
  4830  3.422076E-13
  4831  3.420310E-13
  4832  3.418546E-13
  4833  3.416783E-13
  4834  3.415022E-13
  4835  3.413263E-13
  4836  3.411505E-13
  4837  3.409748E-13
  4838  3.407991E-13
  4839  3.406233E-13
  4840  3.404472E-13
  4841  3.402708E-13
  4842  3.400939E-13
  4843  3.399166E-13
  4844  3.397387E-13
  4845  3.395603E-13
  4846  3.393813E-13
  4847  3.392018E-13
  4848  3.390217E-13
  4849  3.388410E-13
  4850  3.386597E-13
  4851  3.384779E-13
  4852  3.382954E-13
  4853  3.381125E-13
  4854  3.379289E-13
  4855  3.377448E-13
  4856  3.375603E-13
  4857  3.373753E-13
  4858  3.371900E-13
  4859  3.370045E-13
  4860  3.368190E-13
  4861  3.366335E-13
  4862  3.364483E-13
  4863  3.362633E-13
  4864  3.360786E-13
  4865  3.358944E-13
  4866  3.357108E-13
  4867  3.355279E-13
  4868  3.353459E-13
  4869  3.351649E-13
  4870  3.349851E-13
  4871  3.348066E-13
  4872  3.346295E-13
  4873  3.344538E-13
  4874  3.342796E-13
  4875  3.341070E-13
  4876  3.339357E-13
  4877  3.337659E-13
  4878  3.335975E-13
  4879  3.334303E-13
  4880  3.332642E-13
  4881  3.330991E-13
  4882  3.329347E-13
  4883  3.327709E-13
  4884  3.326076E-13
  4885  3.324447E-13
  4886  3.322818E-13
  4887  3.321186E-13
  4888  3.319551E-13
  4889  3.317909E-13
  4890  3.316257E-13
  4891  3.314594E-13
  4892  3.312916E-13
  4893  3.311221E-13
  4894  3.309509E-13
  4895  3.307778E-13
  4896  3.306031E-13
  4897  3.304266E-13
  4898  3.302484E-13
  4899  3.300687E-13
  4900  3.298874E-13
  4901  3.297048E-13
  4902  3.295209E-13
  4903  3.293360E-13
  4904  3.291501E-13
  4905  3.289637E-13
  4906  3.287769E-13
  4907  3.285900E-13
  4908  3.284032E-13
  4909  3.282167E-13
  4910  3.280310E-13
  4911  3.278462E-13
  4912  3.276628E-13
  4913  3.274808E-13
  4914  3.273005E-13
  4915  3.271220E-13
  4916  3.269454E-13
  4917  3.267706E-13
  4918  3.265979E-13
  4919  3.264273E-13
  4920  3.262588E-13
  4921  3.260924E-13
  4922  3.259282E-13
  4923  3.257659E-13
  4924  3.256054E-13
  4925  3.254464E-13
  4926  3.252889E-13
  4927  3.251325E-13
  4928  3.249771E-13
  4929  3.248225E-13
  4930  3.246685E-13
  4931  3.245147E-13
  4932  3.243609E-13
  4933  3.242070E-13
  4934  3.240526E-13
  4935  3.238975E-13
  4936  3.237414E-13
  4937  3.235839E-13
  4938  3.234247E-13
  4939  3.232636E-13
  4940  3.231003E-13
  4941  3.229347E-13
  4942  3.227667E-13
  4943  3.225963E-13
  4944  3.224235E-13
  4945  3.222485E-13
  4946  3.220715E-13
  4947  3.218924E-13
  4948  3.217115E-13
  4949  3.215289E-13
  4950  3.213449E-13
  4951  3.211596E-13
  4952  3.209734E-13
  4953  3.207864E-13
  4954  3.205990E-13
  4955  3.204117E-13
  4956  3.202249E-13
  4957  3.200390E-13
  4958  3.198546E-13
  4959  3.196721E-13
  4960  3.194919E-13
  4961  3.193144E-13
  4962  3.191397E-13
  4963  3.189679E-13
  4964  3.187989E-13
  4965  3.186328E-13
  4966  3.184696E-13
  4967  3.183091E-13
  4968  3.181514E-13
  4969  3.179965E-13
  4970  3.178440E-13
  4971  3.176938E-13
  4972  3.175456E-13
  4973  3.173992E-13
  4974  3.172543E-13
  4975  3.171104E-13
  4976  3.169670E-13
  4977  3.168238E-13
  4978  3.166802E-13
  4979  3.165357E-13
  4980  3.163900E-13
  4981  3.162428E-13
  4982  3.160938E-13
  4983  3.159429E-13
  4984  3.157900E-13
  4985  3.156349E-13
  4986  3.154776E-13
  4987  3.153178E-13
  4988  3.151556E-13
  4989  3.149909E-13
  4990  3.148239E-13
  4991  3.146544E-13
  4992  3.144827E-13
  4993  3.143088E-13
  4994  3.141330E-13
  4995  3.139555E-13
  4996  3.137766E-13
  4997  3.135967E-13
  4998  3.134159E-13
  4999  3.132346E-13
  5000  3.130529E-13
  5001  3.128711E-13
  5002  3.126895E-13
  5003  3.125083E-13
  5004  3.123278E-13
  5005  3.121482E-13
  5006  3.119697E-13
  5007  3.117926E-13
  5008  3.116172E-13
  5009  3.114435E-13
  5010  3.112719E-13
  5011  3.111024E-13
  5012  3.109351E-13
  5013  3.107703E-13
  5014  3.106080E-13
  5015  3.104482E-13
  5016  3.102907E-13
  5017  3.101358E-13
  5018  3.099832E-13
  5019  3.098331E-13
  5020  3.096852E-13
  5021  3.095395E-13
  5022  3.093959E-13
  5023  3.092540E-13
  5024  3.091136E-13
  5025  3.089745E-13
  5026  3.088362E-13
  5027  3.086986E-13
  5028  3.085613E-13
  5029  3.084239E-13
  5030  3.082860E-13
  5031  3.081474E-13
  5032  3.080076E-13
  5033  3.078664E-13
  5034  3.077232E-13
  5035  3.075780E-13
  5036  3.074305E-13
  5037  3.072806E-13
  5038  3.071280E-13
  5039  3.069726E-13
  5040  3.068143E-13
  5041  3.066531E-13
  5042  3.064890E-13
  5043  3.063222E-13
  5044  3.061528E-13
  5045  3.059812E-13
  5046  3.058075E-13
  5047  3.056321E-13
  5048  3.054553E-13
  5049  3.052775E-13
  5050  3.050992E-13
  5051  3.049206E-13
  5052  3.047424E-13
  5053  3.045648E-13
  5054  3.043883E-13
  5055  3.042133E-13
  5056  3.040398E-13
  5057  3.038684E-13
  5058  3.036992E-13
  5059  3.035325E-13
  5060  3.033685E-13
  5061  3.032073E-13
  5062  3.030490E-13
  5063  3.028937E-13
  5064  3.027412E-13
  5065  3.025914E-13
  5066  3.024441E-13
  5067  3.022990E-13
  5068  3.021559E-13
  5069  3.020144E-13
  5070  3.018742E-13
  5071  3.017350E-13
  5072  3.015965E-13
  5073  3.014583E-13
  5074  3.013203E-13
  5075  3.011820E-13
  5076  3.010433E-13
  5077  3.009039E-13
  5078  3.007635E-13
  5079  3.006218E-13
  5080  3.004787E-13
  5081  3.003338E-13
  5082  3.001872E-13
  5083  3.000386E-13
  5084  2.998879E-13
  5085  2.997353E-13
  5086  2.995808E-13
  5087  2.994246E-13
  5088  2.992670E-13
  5089  2.991080E-13
  5090  2.989481E-13
  5091  2.987873E-13
  5092  2.986258E-13
  5093  2.984638E-13
  5094  2.983017E-13
  5095  2.981394E-13
  5096  2.979773E-13
  5097  2.978154E-13
  5098  2.976540E-13
  5099  2.974934E-13
  5100  2.973338E-13
  5101  2.971753E-13
  5102  2.970181E-13
  5103  2.968625E-13
  5104  2.967086E-13
  5105  2.965564E-13
  5106  2.964060E-13
  5107  2.962571E-13
  5108  2.961097E-13
  5109  2.959633E-13
  5110  2.958180E-13
  5111  2.956735E-13
  5112  2.955298E-13
  5113  2.953867E-13
  5114  2.952441E-13
  5115  2.951018E-13
  5116  2.949597E-13
  5117  2.948175E-13
  5118  2.946752E-13
  5119  2.945324E-13
  5120  2.943890E-13
  5121  2.942447E-13
  5122  2.940994E-13
  5123  2.939527E-13
  5124  2.938047E-13
  5125  2.936551E-13
  5126  2.935039E-13
  5127  2.933513E-13
  5128  2.931974E-13
  5129  2.930425E-13
  5130  2.928866E-13
  5131  2.927300E-13
  5132  2.925728E-13
  5133  2.924150E-13
  5134  2.922569E-13
  5135  2.920986E-13
  5136  2.919405E-13
  5137  2.917827E-13
  5138  2.916254E-13
  5139  2.914690E-13
  5140  2.913136E-13
  5141  2.911595E-13
  5142  2.910069E-13
  5143  2.908561E-13
  5144  2.907073E-13
  5145  2.905606E-13
  5146  2.904160E-13
  5147  2.902737E-13
  5148  2.901333E-13
  5149  2.899949E-13
  5150  2.898581E-13
  5151  2.897227E-13
  5152  2.895885E-13
  5153  2.894553E-13
  5154  2.893228E-13
  5155  2.891908E-13
  5156  2.890591E-13
  5157  2.889273E-13
  5158  2.887951E-13
  5159  2.886623E-13
  5160  2.885287E-13
  5161  2.883941E-13
  5162  2.882582E-13
  5163  2.881207E-13
  5164  2.879814E-13
  5165  2.878403E-13
  5166  2.876971E-13
  5167  2.875517E-13
  5168  2.874041E-13
  5169  2.872545E-13
  5170  2.871031E-13
  5171  2.869501E-13
  5172  2.867957E-13
  5173  2.866403E-13
  5174  2.864841E-13
  5175  2.863273E-13
  5176  2.861701E-13
  5177  2.860129E-13
  5178  2.858559E-13
  5179  2.856992E-13
  5180  2.855429E-13
  5181  2.853874E-13
  5182  2.852327E-13
  5183  2.850791E-13
  5184  2.849268E-13
  5185  2.847761E-13
  5186  2.846272E-13
  5187  2.844804E-13
  5188  2.843357E-13
  5189  2.841934E-13
  5190  2.840531E-13
  5191  2.839149E-13
  5192  2.837785E-13
  5193  2.836439E-13
  5194  2.835107E-13
  5195  2.833790E-13
  5196  2.832483E-13
  5197  2.831187E-13
  5198  2.829898E-13
  5199  2.828616E-13
  5200  2.827340E-13
  5201  2.826067E-13
  5202  2.824797E-13
  5203  2.823524E-13
  5204  2.822247E-13
  5205  2.820961E-13
  5206  2.819663E-13
  5207  2.818350E-13
  5208  2.817019E-13
  5209  2.815669E-13
  5210  2.814299E-13
  5211  2.812909E-13
  5212  2.811499E-13
  5213  2.810071E-13
  5214  2.808624E-13
  5215  2.807160E-13
  5216  2.805682E-13
  5217  2.804189E-13
  5218  2.802685E-13
  5219  2.801170E-13
  5220  2.799647E-13
  5221  2.798117E-13
  5222  2.796584E-13
  5223  2.795053E-13
  5224  2.793525E-13
  5225  2.792006E-13
  5226  2.790498E-13
  5227  2.789004E-13
  5228  2.787527E-13
  5229  2.786069E-13
  5230  2.784632E-13
  5231  2.783215E-13
  5232  2.781819E-13
  5233  2.780443E-13
  5234  2.779087E-13
  5235  2.777750E-13
  5236  2.776429E-13
  5237  2.775125E-13
  5238  2.773834E-13
  5239  2.772556E-13
  5240  2.771288E-13
  5241  2.770029E-13
  5242  2.768775E-13
  5243  2.767524E-13
  5244  2.766274E-13
  5245  2.765022E-13
  5246  2.763765E-13
  5247  2.762502E-13
  5248  2.761231E-13
  5249  2.759950E-13
  5250  2.758656E-13
  5251  2.757350E-13
  5252  2.756030E-13
  5253  2.754698E-13
  5254  2.753352E-13
  5255  2.751995E-13
  5256  2.750627E-13
  5257  2.749249E-13
  5258  2.747863E-13
  5259  2.746469E-13
  5260  2.745067E-13
  5261  2.743658E-13
  5262  2.742243E-13
  5263  2.740822E-13
  5264  2.739398E-13
  5265  2.737971E-13
  5266  2.736542E-13
  5267  2.735113E-13
  5268  2.733684E-13
  5269  2.732259E-13
  5270  2.730837E-13
  5271  2.729421E-13
  5272  2.728011E-13
  5273  2.726610E-13
  5274  2.725217E-13
  5275  2.723833E-13
  5276  2.722457E-13
  5277  2.721089E-13
  5278  2.719730E-13
  5279  2.718379E-13
  5280  2.717038E-13
  5281  2.715707E-13
  5282  2.714386E-13
  5283  2.713075E-13
  5284  2.711774E-13
  5285  2.710485E-13
  5286  2.709206E-13
  5287  2.707937E-13
  5288  2.706677E-13
  5289  2.705425E-13
  5290  2.704179E-13
  5291  2.702938E-13
  5292  2.701700E-13
  5293  2.700463E-13
  5294  2.699226E-13
  5295  2.697986E-13
  5296  2.696744E-13
  5297  2.695499E-13
  5298  2.694250E-13
  5299  2.692996E-13
  5300  2.691738E-13
  5301  2.690473E-13
  5302  2.689201E-13
  5303  2.687921E-13
  5304  2.686632E-13
  5305  2.685335E-13
  5306  2.684028E-13
  5307  2.682711E-13
  5308  2.681384E-13
  5309  2.680049E-13
  5310  2.678707E-13
  5311  2.677358E-13
  5312  2.676004E-13
  5313  2.674646E-13
  5314  2.673287E-13
  5315  2.671927E-13
  5316  2.670567E-13
  5317  2.669209E-13
  5318  2.667853E-13
  5319  2.666501E-13
  5320  2.665153E-13
  5321  2.663811E-13
  5322  2.662475E-13
  5323  2.661147E-13
  5324  2.659827E-13
  5325  2.658515E-13
  5326  2.657212E-13
  5327  2.655918E-13
  5328  2.654632E-13
  5329  2.653355E-13
  5330  2.652086E-13
  5331  2.650825E-13
  5332  2.649571E-13
  5333  2.648324E-13
  5334  2.647081E-13
  5335  2.645841E-13
  5336  2.644603E-13
  5337  2.643366E-13
  5338  2.642127E-13
  5339  2.640887E-13
  5340  2.639642E-13
  5341  2.638393E-13
  5342  2.637137E-13
  5343  2.635874E-13
  5344  2.634604E-13
  5345  2.633327E-13
  5346  2.632042E-13
  5347  2.630750E-13
  5348  2.629450E-13
  5349  2.628144E-13
  5350  2.626830E-13
  5351  2.625510E-13
  5352  2.624184E-13
  5353  2.622854E-13
  5354  2.621523E-13
  5355  2.620190E-13
  5356  2.618859E-13
  5357  2.617530E-13
  5358  2.616206E-13
  5359  2.614887E-13
  5360  2.613577E-13
  5361  2.612276E-13
  5362  2.610986E-13
  5363  2.609709E-13
  5364  2.608445E-13
  5365  2.607194E-13
  5366  2.605955E-13
  5367  2.604731E-13
  5368  2.603519E-13
  5369  2.602320E-13
  5370  2.601132E-13
  5371  2.599955E-13
  5372  2.598787E-13
  5373  2.597627E-13
  5374  2.596472E-13
  5375  2.595322E-13
  5376  2.594174E-13
  5377  2.593027E-13
  5378  2.591878E-13
  5379  2.590726E-13
  5380  2.589568E-13
  5381  2.588400E-13
  5382  2.587221E-13
  5383  2.586029E-13
  5384  2.584824E-13
  5385  2.583603E-13
  5386  2.582367E-13
  5387  2.581114E-13
  5388  2.579846E-13
  5389  2.578562E-13
  5390  2.577262E-13
  5391  2.575948E-13
  5392  2.574621E-13
  5393  2.573281E-13
  5394  2.571931E-13
  5395  2.570571E-13
  5396  2.569202E-13
  5397  2.567828E-13
  5398  2.566450E-13
  5399  2.565071E-13
  5400  2.563694E-13
  5401  2.562322E-13
  5402  2.560958E-13
  5403  2.559604E-13
  5404  2.558263E-13
  5405  2.556937E-13
  5406  2.555626E-13
  5407  2.554333E-13
  5408  2.553059E-13
  5409  2.551804E-13
  5410  2.550570E-13
  5411  2.549355E-13
  5412  2.548161E-13
  5413  2.546987E-13
  5414  2.545833E-13
  5415  2.544698E-13
  5416  2.543581E-13
  5417  2.542480E-13
  5418  2.541394E-13
  5419  2.540320E-13
  5420  2.539255E-13
  5421  2.538197E-13
  5422  2.537143E-13
  5423  2.536090E-13
  5424  2.535034E-13
  5425  2.533975E-13
  5426  2.532908E-13
  5427  2.531832E-13
  5428  2.530745E-13
  5429  2.529643E-13
  5430  2.528526E-13
  5431  2.527393E-13
  5432  2.526242E-13
  5433  2.525073E-13
  5434  2.523884E-13
  5435  2.522675E-13
  5436  2.521447E-13
  5437  2.520200E-13
  5438  2.518935E-13
  5439  2.517654E-13
  5440  2.516357E-13
  5441  2.515046E-13
  5442  2.513723E-13
  5443  2.512390E-13
  5444  2.511049E-13
  5445  2.509703E-13
  5446  2.508353E-13
  5447  2.507004E-13
  5448  2.505657E-13
  5449  2.504315E-13
  5450  2.502979E-13
  5451  2.501651E-13
  5452  2.500333E-13
  5453  2.499026E-13
  5454  2.497731E-13
  5455  2.496450E-13
  5456  2.495184E-13
  5457  2.493933E-13
  5458  2.492697E-13
  5459  2.491478E-13
  5460  2.490275E-13
  5461  2.489089E-13
  5462  2.487919E-13
  5463  2.486766E-13
  5464  2.485628E-13
  5465  2.484505E-13
  5466  2.483395E-13
  5467  2.482294E-13
  5468  2.481203E-13
  5469  2.480118E-13
  5470  2.479039E-13
  5471  2.477964E-13
  5472  2.476892E-13
  5473  2.475822E-13
  5474  2.474752E-13
  5475  2.473680E-13
  5476  2.472604E-13
  5477  2.471524E-13
  5478  2.470437E-13
  5479  2.469344E-13
  5480  2.468243E-13
  5481  2.467131E-13
  5482  2.466007E-13
  5483  2.464871E-13
  5484  2.463721E-13
  5485  2.462558E-13
  5486  2.461384E-13
  5487  2.460198E-13
  5488  2.459001E-13
  5489  2.457796E-13
  5490  2.456581E-13
  5491  2.455359E-13
  5492  2.454131E-13
  5493  2.452896E-13
  5494  2.451657E-13
  5495  2.450416E-13
  5496  2.449173E-13
  5497  2.447930E-13
  5498  2.446689E-13
  5499  2.445451E-13
  5500  2.444217E-13
  5501  2.442990E-13
  5502  2.441771E-13
  5503  2.440561E-13
  5504  2.439361E-13
  5505  2.438170E-13
  5506  2.436989E-13
  5507  2.435817E-13
  5508  2.434654E-13
  5509  2.433500E-13
  5510  2.432354E-13
  5511  2.431215E-13
  5512  2.430084E-13
  5513  2.428959E-13
  5514  2.427839E-13
  5515  2.426723E-13
  5516  2.425610E-13
  5517  2.424499E-13
  5518  2.423388E-13
  5519  2.422279E-13
  5520  2.421168E-13
  5521  2.420056E-13
  5522  2.418942E-13
  5523  2.417826E-13
  5524  2.416708E-13
  5525  2.415587E-13
  5526  2.414466E-13
  5527  2.413342E-13
  5528  2.412217E-13
  5529  2.411091E-13
  5530  2.409964E-13
  5531  2.408836E-13
  5532  2.407707E-13
  5533  2.406579E-13
  5534  2.405452E-13
  5535  2.404325E-13
  5536  2.403200E-13
  5537  2.402076E-13
  5538  2.400953E-13
  5539  2.399830E-13
  5540  2.398708E-13
  5541  2.397587E-13
  5542  2.396466E-13
  5543  2.395345E-13
  5544  2.394223E-13
  5545  2.393100E-13
  5546  2.391977E-13
  5547  2.390852E-13
  5548  2.389727E-13
  5549  2.388600E-13
  5550  2.387471E-13
  5551  2.386341E-13
  5552  2.385209E-13
  5553  2.384074E-13
  5554  2.382937E-13
  5555  2.381798E-13
  5556  2.380658E-13
  5557  2.379516E-13
  5558  2.378373E-13
  5559  2.377230E-13
  5560  2.376087E-13
  5561  2.374943E-13
  5562  2.373798E-13
  5563  2.372654E-13
  5564  2.371509E-13
  5565  2.370364E-13
  5566  2.369219E-13
  5567  2.368074E-13
  5568  2.366928E-13
  5569  2.365784E-13
  5570  2.364641E-13
  5571  2.363502E-13
  5572  2.362365E-13
  5573  2.361232E-13
  5574  2.360103E-13
  5575  2.358979E-13
  5576  2.357860E-13
  5577  2.356746E-13
  5578  2.355637E-13
  5579  2.354533E-13
  5580  2.353435E-13
  5581  2.352342E-13
  5582  2.351256E-13
  5583  2.350178E-13
  5584  2.349107E-13
  5585  2.348044E-13
  5586  2.346989E-13
  5587  2.345941E-13
  5588  2.344899E-13
  5589  2.343863E-13
  5590  2.342829E-13
  5591  2.341798E-13
  5592  2.340767E-13
  5593  2.339735E-13
  5594  2.338700E-13
  5595  2.337661E-13
  5596  2.336618E-13
  5597  2.335569E-13
  5598  2.334515E-13
  5599  2.333455E-13
  5600  2.332389E-13
  5601  2.331315E-13
  5602  2.330233E-13
  5603  2.329141E-13
  5604  2.328039E-13
  5605  2.326925E-13
  5606  2.325801E-13
  5607  2.324666E-13
  5608  2.323522E-13
  5609  2.322370E-13
  5610  2.321212E-13
  5611  2.320048E-13
  5612  2.318881E-13
  5613  2.317713E-13
  5614  2.316544E-13
  5615  2.315377E-13
  5616  2.314212E-13
  5617  2.313051E-13
  5618  2.311894E-13
  5619  2.310743E-13
  5620  2.309597E-13
  5621  2.308459E-13
  5622  2.307330E-13
  5623  2.306212E-13
  5624  2.305105E-13
  5625  2.304012E-13
  5626  2.302932E-13
  5627  2.301865E-13
  5628  2.300812E-13
  5629  2.299771E-13
  5630  2.298741E-13
  5631  2.297723E-13
  5632  2.296716E-13
  5633  2.295718E-13
  5634  2.294730E-13
  5635  2.293748E-13
  5636  2.292773E-13
  5637  2.291803E-13
  5638  2.290835E-13
  5639  2.289869E-13
  5640  2.288902E-13
  5641  2.287934E-13
  5642  2.286961E-13
  5643  2.285983E-13
  5644  2.284997E-13
  5645  2.284001E-13
  5646  2.282996E-13
  5647  2.281981E-13
  5648  2.280955E-13
  5649  2.279919E-13
  5650  2.278871E-13
  5651  2.277812E-13
  5652  2.276742E-13
  5653  2.275659E-13
  5654  2.274565E-13
  5655  2.273460E-13
  5656  2.272346E-13
  5657  2.271224E-13
  5658  2.270097E-13
  5659  2.268967E-13
  5660  2.267835E-13
  5661  2.266702E-13
  5662  2.265572E-13
  5663  2.264445E-13
  5664  2.263324E-13
  5665  2.262210E-13
  5666  2.261104E-13
  5667  2.260006E-13
  5668  2.258917E-13
  5669  2.257837E-13
  5670  2.256769E-13
  5671  2.255713E-13
  5672  2.254669E-13
  5673  2.253639E-13
  5674  2.252623E-13
  5675  2.251622E-13
  5676  2.250634E-13
  5677  2.249657E-13
  5678  2.248691E-13
  5679  2.247733E-13
  5680  2.246783E-13
  5681  2.245839E-13
  5682  2.244900E-13
  5683  2.243963E-13
  5684  2.243029E-13
  5685  2.242094E-13
  5686  2.241159E-13
  5687  2.240222E-13
  5688  2.239282E-13
  5689  2.238336E-13
  5690  2.237383E-13
  5691  2.236422E-13
  5692  2.235449E-13
  5693  2.234463E-13
  5694  2.233462E-13
  5695  2.232445E-13
  5696  2.231411E-13
  5697  2.230362E-13
  5698  2.229298E-13
  5699  2.228221E-13
  5700  2.227130E-13
  5701  2.226027E-13
  5702  2.224913E-13
  5703  2.223789E-13
  5704  2.222656E-13
  5705  2.221516E-13
  5706  2.220370E-13
  5707  2.219220E-13
  5708  2.218069E-13
  5709  2.216918E-13
  5710  2.215770E-13
  5711  2.214629E-13
  5712  2.213498E-13
  5713  2.212379E-13
  5714  2.211276E-13
  5715  2.210190E-13
  5716  2.209123E-13
  5717  2.208076E-13
  5718  2.207048E-13
  5719  2.206039E-13
  5720  2.205049E-13
  5721  2.204078E-13
  5722  2.203126E-13
  5723  2.202192E-13
  5724  2.201275E-13
  5725  2.200375E-13
  5726  2.199490E-13
  5727  2.198619E-13
  5728  2.197760E-13
  5729  2.196911E-13
  5730  2.196068E-13
  5731  2.195230E-13
  5732  2.194392E-13
  5733  2.193553E-13
  5734  2.192709E-13
  5735  2.191858E-13
  5736  2.191000E-13
  5737  2.190131E-13
  5738  2.189251E-13
  5739  2.188359E-13
  5740  2.187453E-13
  5741  2.186533E-13
  5742  2.185596E-13
  5743  2.184643E-13
  5744  2.183672E-13
  5745  2.182682E-13
  5746  2.181674E-13
  5747  2.180648E-13
  5748  2.179603E-13
  5749  2.178540E-13
  5750  2.177462E-13
  5751  2.176369E-13
  5752  2.175262E-13
  5753  2.174145E-13
  5754  2.173018E-13
  5755  2.171883E-13
  5756  2.170742E-13
  5757  2.169598E-13
  5758  2.168452E-13
  5759  2.167307E-13
  5760  2.166165E-13
  5761  2.165028E-13
  5762  2.163900E-13
  5763  2.162782E-13
  5764  2.161676E-13
  5765  2.160585E-13
  5766  2.159511E-13
  5767  2.158457E-13
  5768  2.157422E-13
  5769  2.156410E-13
  5770  2.155419E-13
  5771  2.154452E-13
  5772  2.153507E-13
  5773  2.152584E-13
  5774  2.151682E-13
  5775  2.150798E-13
  5776  2.149933E-13
  5777  2.149083E-13
  5778  2.148247E-13
  5779  2.147423E-13
  5780  2.146609E-13
  5781  2.145802E-13
  5782  2.145000E-13
  5783  2.144202E-13
  5784  2.143404E-13
  5785  2.142604E-13
  5786  2.141799E-13
  5787  2.140986E-13
  5788  2.140161E-13
  5789  2.139324E-13
  5790  2.138471E-13
  5791  2.137602E-13
  5792  2.136715E-13
  5793  2.135810E-13
  5794  2.134889E-13
  5795  2.133949E-13
  5796  2.132992E-13
  5797  2.132017E-13
  5798  2.131025E-13
  5799  2.130017E-13
  5800  2.128994E-13
  5801  2.127957E-13
  5802  2.126906E-13
  5803  2.125842E-13
  5804  2.124768E-13
  5805  2.123684E-13
  5806  2.122593E-13
  5807  2.121497E-13
  5808  2.120399E-13
  5809  2.119301E-13
  5810  2.118203E-13
  5811  2.117108E-13
  5812  2.116018E-13
  5813  2.114934E-13
  5814  2.113859E-13
  5815  2.112792E-13
  5816  2.111737E-13
  5817  2.110695E-13
  5818  2.109666E-13
  5819  2.108652E-13
  5820  2.107653E-13
  5821  2.106669E-13
  5822  2.105701E-13
  5823  2.104749E-13
  5824  2.103812E-13
  5825  2.102890E-13
  5826  2.101984E-13
  5827  2.101092E-13
  5828  2.100214E-13
  5829  2.099349E-13
  5830  2.098495E-13
  5831  2.097651E-13
  5832  2.096817E-13
  5833  2.095989E-13
  5834  2.095166E-13
  5835  2.094346E-13
  5836  2.093527E-13
  5837  2.092707E-13
  5838  2.091884E-13
  5839  2.091057E-13
  5840  2.090225E-13
  5841  2.089386E-13
  5842  2.088540E-13
  5843  2.087685E-13
  5844  2.086821E-13
  5845  2.085948E-13
  5846  2.085063E-13
  5847  2.084167E-13
  5848  2.083260E-13
  5849  2.082341E-13
  5850  2.081412E-13
  5851  2.080472E-13
  5852  2.079522E-13
  5853  2.078562E-13
  5854  2.077594E-13
  5855  2.076617E-13
  5856  2.075633E-13
  5857  2.074644E-13
  5858  2.073649E-13
  5859  2.072652E-13
  5860  2.071651E-13
  5861  2.070648E-13
  5862  2.069645E-13
  5863  2.068642E-13
  5864  2.067641E-13
  5865  2.066642E-13
  5866  2.065645E-13
  5867  2.064653E-13
  5868  2.063665E-13
  5869  2.062682E-13
  5870  2.061704E-13
  5871  2.060732E-13
  5872  2.059767E-13
  5873  2.058811E-13
  5874  2.057862E-13
  5875  2.056923E-13
  5876  2.055994E-13
  5877  2.055075E-13
  5878  2.054165E-13
  5879  2.053266E-13
  5880  2.052377E-13
  5881  2.051498E-13
  5882  2.050628E-13
  5883  2.049767E-13
  5884  2.048913E-13
  5885  2.048067E-13
  5886  2.047226E-13
  5887  2.046391E-13
  5888  2.045560E-13
  5889  2.044732E-13
  5890  2.043906E-13
  5891  2.043081E-13
  5892  2.042254E-13
  5893  2.041425E-13
  5894  2.040592E-13
  5895  2.039753E-13
  5896  2.038908E-13
  5897  2.038054E-13
  5898  2.037192E-13
  5899  2.036320E-13
  5900  2.035438E-13
  5901  2.034546E-13
  5902  2.033643E-13
  5903  2.032731E-13
  5904  2.031810E-13
  5905  2.030881E-13
  5906  2.029945E-13
  5907  2.029001E-13
  5908  2.028052E-13
  5909  2.027098E-13
  5910  2.026141E-13
  5911  2.025181E-13
  5912  2.024221E-13
  5913  2.023262E-13
  5914  2.022304E-13
  5915  2.021350E-13
  5916  2.020400E-13
  5917  2.019455E-13
  5918  2.018515E-13
  5919  2.017581E-13
  5920  2.016654E-13
  5921  2.015734E-13
  5922  2.014820E-13
  5923  2.013913E-13
  5924  2.013012E-13
  5925  2.012117E-13
  5926  2.011228E-13
  5927  2.010345E-13
  5928  2.009467E-13
  5929  2.008594E-13
  5930  2.007725E-13
  5931  2.006860E-13
  5932  2.005997E-13
  5933  2.005137E-13
  5934  2.004278E-13
  5935  2.003421E-13
  5936  2.002567E-13
  5937  2.001713E-13
  5938  2.000861E-13
  5939  2.000010E-13
  5940  1.999159E-13
  5941  1.998308E-13
  5942  1.997457E-13
  5943  1.996606E-13
  5944  1.995756E-13
  5945  1.994906E-13
  5946  1.994055E-13
  5947  1.993204E-13
  5948  1.992351E-13
  5949  1.991497E-13
  5950  1.990641E-13
  5951  1.989783E-13
  5952  1.988924E-13
  5953  1.988063E-13
  5954  1.987199E-13
  5955  1.986333E-13
  5956  1.985464E-13
  5957  1.984591E-13
  5958  1.983716E-13
  5959  1.982839E-13
  5960  1.981959E-13
  5961  1.981076E-13
  5962  1.980191E-13
  5963  1.979303E-13
  5964  1.978413E-13
  5965  1.977520E-13
  5966  1.976625E-13
  5967  1.975729E-13
  5968  1.974832E-13
  5969  1.973936E-13
  5970  1.973042E-13
  5971  1.972148E-13
  5972  1.971257E-13
  5973  1.970368E-13
  5974  1.969481E-13
  5975  1.968598E-13
  5976  1.967718E-13
  5977  1.966842E-13
  5978  1.965970E-13
  5979  1.965103E-13
  5980  1.964240E-13
  5981  1.963382E-13
  5982  1.962527E-13
  5983  1.961677E-13
  5984  1.960832E-13
  5985  1.959990E-13
  5986  1.959153E-13
  5987  1.958319E-13
  5988  1.957489E-13
  5989  1.956660E-13
  5990  1.955833E-13
  5991  1.955007E-13
  5992  1.954180E-13
  5993  1.953353E-13
  5994  1.952525E-13
  5995  1.951695E-13
  5996  1.950864E-13
  5997  1.950030E-13
  5998  1.949195E-13
  5999  1.948357E-13
  6000  1.947517E-13
  6001  1.946676E-13
  6002  1.945834E-13
  6003  1.944990E-13
  6004  1.944146E-13
  6005  1.943300E-13
  6006  1.942452E-13
  6007  1.941604E-13
  6008  1.940756E-13
  6009  1.939909E-13
  6010  1.939063E-13
  6011  1.938219E-13
  6012  1.937377E-13
  6013  1.936539E-13
  6014  1.935704E-13
  6015  1.934872E-13
  6016  1.934043E-13
  6017  1.933217E-13
  6018  1.932393E-13
  6019  1.931570E-13
  6020  1.930748E-13
  6021  1.929925E-13
  6022  1.929102E-13
  6023  1.928278E-13
  6024  1.927454E-13
  6025  1.926629E-13
  6026  1.925804E-13
  6027  1.924977E-13
  6028  1.924148E-13
  6029  1.923317E-13
  6030  1.922483E-13
  6031  1.921645E-13
  6032  1.920804E-13
  6033  1.919959E-13
  6034  1.919111E-13
  6035  1.918259E-13
  6036  1.917405E-13
  6037  1.916549E-13
  6038  1.915692E-13
  6039  1.914835E-13
  6040  1.913980E-13
  6041  1.913127E-13
  6042  1.912278E-13
  6043  1.911432E-13
  6044  1.910589E-13
  6045  1.909750E-13
  6046  1.908913E-13
  6047  1.908080E-13
  6048  1.907250E-13
  6049  1.906422E-13
  6050  1.905599E-13
  6051  1.904779E-13
  6052  1.903963E-13
  6053  1.903151E-13
  6054  1.902343E-13
  6055  1.901538E-13
  6056  1.900738E-13
  6057  1.899940E-13
  6058  1.899145E-13
  6059  1.898350E-13
  6060  1.897555E-13
  6061  1.896757E-13
  6062  1.895957E-13
  6063  1.895154E-13
  6064  1.894347E-13
  6065  1.893539E-13
  6066  1.892728E-13
  6067  1.891916E-13
  6068  1.891102E-13
  6069  1.890287E-13
  6070  1.889470E-13
  6071  1.888651E-13
  6072  1.887829E-13
  6073  1.887006E-13
  6074  1.886179E-13
  6075  1.885350E-13
  6076  1.884518E-13
  6077  1.883683E-13
  6078  1.882846E-13
  6079  1.882007E-13
  6080  1.881168E-13
  6081  1.880330E-13
  6082  1.879493E-13
  6083  1.878657E-13
  6084  1.877823E-13
  6085  1.876991E-13
  6086  1.876160E-13
  6087  1.875331E-13
  6088  1.874505E-13
  6089  1.873680E-13
  6090  1.872858E-13
  6091  1.872040E-13
  6092  1.871225E-13
  6093  1.870414E-13
  6094  1.869607E-13
  6095  1.868805E-13
  6096  1.868008E-13
  6097  1.867217E-13
  6098  1.866431E-13
  6099  1.865651E-13
  6100  1.864877E-13
  6101  1.864108E-13
  6102  1.863344E-13
  6103  1.862585E-13
  6104  1.861831E-13
  6105  1.861080E-13
  6106  1.860332E-13
  6107  1.859587E-13
  6108  1.858843E-13
  6109  1.858101E-13
  6110  1.857360E-13
  6111  1.856620E-13
  6112  1.855879E-13
  6113  1.855138E-13
  6114  1.854395E-13
  6115  1.853648E-13
  6116  1.852899E-13
  6117  1.852145E-13
  6118  1.851385E-13
  6119  1.850620E-13
  6120  1.849848E-13
  6121  1.849068E-13
  6122  1.848282E-13
  6123  1.847488E-13
  6124  1.846687E-13
  6125  1.845879E-13
  6126  1.845066E-13
  6127  1.844246E-13
  6128  1.843420E-13
  6129  1.842589E-13
  6130  1.841754E-13
  6131  1.840913E-13
  6132  1.840069E-13
  6133  1.839221E-13
  6134  1.838372E-13
  6135  1.837522E-13
  6136  1.836673E-13
  6137  1.835824E-13
  6138  1.834977E-13
  6139  1.834134E-13
  6140  1.833295E-13
  6141  1.832460E-13
  6142  1.831630E-13
  6143  1.830805E-13
  6144  1.829986E-13
  6145  1.829173E-13
  6146  1.828367E-13
  6147  1.827569E-13
  6148  1.826778E-13
  6149  1.825995E-13
  6150  1.825221E-13
  6151  1.824456E-13
  6152  1.823700E-13
  6153  1.822953E-13
  6154  1.822213E-13
  6155  1.821482E-13
  6156  1.820759E-13
  6157  1.820043E-13
  6158  1.819335E-13
  6159  1.818633E-13
  6160  1.817938E-13
  6161  1.817250E-13
  6162  1.816568E-13
  6163  1.815891E-13
  6164  1.815221E-13
  6165  1.814554E-13
  6166  1.813890E-13
  6167  1.813227E-13
  6168  1.812563E-13
  6169  1.811897E-13
  6170  1.811228E-13
  6171  1.810553E-13
  6172  1.809873E-13
  6173  1.809185E-13
  6174  1.808489E-13
  6175  1.807784E-13
  6176  1.807068E-13
  6177  1.806342E-13
  6178  1.805604E-13
  6179  1.804853E-13
  6180  1.804089E-13
  6181  1.803310E-13
  6182  1.802517E-13
  6183  1.801710E-13
  6184  1.800889E-13
  6185  1.800055E-13
  6186  1.799210E-13
  6187  1.798354E-13
  6188  1.797489E-13
  6189  1.796617E-13
  6190  1.795740E-13
  6191  1.794859E-13
  6192  1.793976E-13
  6193  1.793091E-13
  6194  1.792208E-13
  6195  1.791327E-13
  6196  1.790449E-13
  6197  1.789576E-13
  6198  1.788709E-13
  6199  1.787850E-13
  6200  1.787000E-13
  6201  1.786160E-13
  6202  1.785331E-13
  6203  1.784514E-13
  6204  1.783709E-13
  6205  1.782918E-13
  6206  1.782139E-13
  6207  1.781374E-13
  6208  1.780622E-13
  6209  1.779883E-13
  6210  1.779157E-13
  6211  1.778444E-13
  6212  1.777744E-13
  6213  1.777055E-13
  6214  1.776377E-13
  6215  1.775710E-13
  6216  1.775052E-13
  6217  1.774404E-13
  6218  1.773764E-13
  6219  1.773132E-13
  6220  1.772505E-13
  6221  1.771883E-13
  6222  1.771264E-13
  6223  1.770646E-13
  6224  1.770028E-13
  6225  1.769408E-13
  6226  1.768784E-13
  6227  1.768155E-13
  6228  1.767519E-13
  6229  1.766875E-13
  6230  1.766221E-13
  6231  1.765556E-13
  6232  1.764880E-13
  6233  1.764190E-13
  6234  1.763487E-13
  6235  1.762770E-13
  6236  1.762038E-13
  6237  1.761292E-13
  6238  1.760530E-13
  6239  1.759753E-13
  6240  1.758963E-13
  6241  1.758159E-13
  6242  1.757343E-13
  6243  1.756517E-13
  6244  1.755683E-13
  6245  1.754841E-13
  6246  1.753994E-13
  6247  1.753144E-13
  6248  1.752291E-13
  6249  1.751438E-13
  6250  1.750585E-13
  6251  1.749736E-13
  6252  1.748890E-13
  6253  1.748051E-13
  6254  1.747218E-13
  6255  1.746393E-13
  6256  1.745577E-13
  6257  1.744771E-13
  6258  1.743977E-13
  6259  1.743195E-13
  6260  1.742425E-13
  6261  1.741668E-13
  6262  1.740924E-13
  6263  1.740191E-13
  6264  1.739470E-13
  6265  1.738760E-13
  6266  1.738061E-13
  6267  1.737373E-13
  6268  1.736694E-13
  6269  1.736025E-13
  6270  1.735363E-13
  6271  1.734709E-13
  6272  1.734061E-13
  6273  1.733418E-13
  6274  1.732780E-13
  6275  1.732145E-13
  6276  1.731511E-13
  6277  1.730879E-13
  6278  1.730246E-13
  6279  1.729611E-13
  6280  1.728974E-13
  6281  1.728332E-13
  6282  1.727687E-13
  6283  1.727036E-13
  6284  1.726378E-13
  6285  1.725714E-13
  6286  1.725041E-13
  6287  1.724359E-13
  6288  1.723667E-13
  6289  1.722967E-13
  6290  1.722257E-13
  6291  1.721537E-13
  6292  1.720809E-13
  6293  1.720071E-13
  6294  1.719325E-13
  6295  1.718571E-13
  6296  1.717808E-13
  6297  1.717038E-13
  6298  1.716262E-13
  6299  1.715479E-13
  6300  1.714691E-13
  6301  1.713899E-13
  6302  1.713105E-13
  6303  1.712310E-13
  6304  1.711515E-13
  6305  1.710722E-13
  6306  1.709932E-13
  6307  1.709145E-13
  6308  1.708364E-13
  6309  1.707589E-13
  6310  1.706821E-13
  6311  1.706060E-13
  6312  1.705307E-13
  6313  1.704563E-13
  6314  1.703829E-13
  6315  1.703105E-13
  6316  1.702390E-13
  6317  1.701686E-13
  6318  1.700991E-13
  6319  1.700306E-13
  6320  1.699631E-13
  6321  1.698965E-13
  6322  1.698306E-13
  6323  1.697654E-13
  6324  1.697009E-13
  6325  1.696368E-13
  6326  1.695731E-13
  6327  1.695097E-13
  6328  1.694466E-13
  6329  1.693835E-13
  6330  1.693204E-13
  6331  1.692572E-13
  6332  1.691937E-13
  6333  1.691299E-13
  6334  1.690657E-13
  6335  1.690012E-13
  6336  1.689363E-13
  6337  1.688709E-13
  6338  1.688051E-13
  6339  1.687386E-13
  6340  1.686716E-13
  6341  1.686039E-13
  6342  1.685354E-13
  6343  1.684664E-13
  6344  1.683966E-13
  6345  1.683262E-13
  6346  1.682552E-13
  6347  1.681836E-13
  6348  1.681115E-13
  6349  1.680389E-13
  6350  1.679659E-13
  6351  1.678925E-13
  6352  1.678188E-13
  6353  1.677449E-13
  6354  1.676706E-13
  6355  1.675961E-13
  6356  1.675215E-13
  6357  1.674467E-13
  6358  1.673718E-13
  6359  1.672971E-13
  6360  1.672224E-13
  6361  1.671481E-13
  6362  1.670742E-13
  6363  1.670007E-13
  6364  1.669277E-13
  6365  1.668552E-13
  6366  1.667833E-13
  6367  1.667119E-13
  6368  1.666412E-13
  6369  1.665712E-13
  6370  1.665018E-13
  6371  1.664331E-13
  6372  1.663650E-13
  6373  1.662976E-13
  6374  1.662307E-13
  6375  1.661645E-13
  6376  1.660988E-13
  6377  1.660337E-13
  6378  1.659690E-13
  6379  1.659047E-13
  6380  1.658407E-13
  6381  1.657769E-13
  6382  1.657132E-13
  6383  1.656496E-13
  6384  1.655860E-13
  6385  1.655224E-13
  6386  1.654588E-13
  6387  1.653951E-13
  6388  1.653312E-13
  6389  1.652671E-13
  6390  1.652028E-13
  6391  1.651383E-13
  6392  1.650735E-13
  6393  1.650084E-13
  6394  1.649430E-13
  6395  1.648773E-13
  6396  1.648113E-13
  6397  1.647450E-13
  6398  1.646784E-13
  6399  1.646115E-13
  6400  1.645442E-13
  6401  1.644767E-13
  6402  1.644087E-13
  6403  1.643405E-13
  6404  1.642719E-13
  6405  1.642030E-13
  6406  1.641338E-13
  6407  1.640644E-13
  6408  1.639947E-13
  6409  1.639248E-13
  6410  1.638548E-13
  6411  1.637845E-13
  6412  1.637142E-13
  6413  1.636438E-13
  6414  1.635733E-13
  6415  1.635028E-13
  6416  1.634323E-13
  6417  1.633619E-13
  6418  1.632916E-13
  6419  1.632216E-13
  6420  1.631518E-13
  6421  1.630823E-13
  6422  1.630132E-13
  6423  1.629446E-13
  6424  1.628763E-13
  6425  1.628085E-13
  6426  1.627411E-13
  6427  1.626741E-13
  6428  1.626075E-13
  6429  1.625413E-13
  6430  1.624755E-13
  6431  1.624100E-13
  6432  1.623449E-13
  6433  1.622801E-13
  6434  1.622155E-13
  6435  1.621512E-13
  6436  1.620871E-13
  6437  1.620231E-13
  6438  1.619593E-13
  6439  1.618955E-13
  6440  1.618319E-13
  6441  1.617682E-13
  6442  1.617046E-13
  6443  1.616409E-13
  6444  1.615772E-13
  6445  1.615134E-13
  6446  1.614495E-13
  6447  1.613857E-13
  6448  1.613218E-13
  6449  1.612578E-13
  6450  1.611939E-13
  6451  1.611299E-13
  6452  1.610660E-13
  6453  1.610021E-13
  6454  1.609381E-13
  6455  1.608742E-13
  6456  1.608102E-13
  6457  1.607461E-13
  6458  1.606819E-13
  6459  1.606177E-13
  6460  1.605533E-13
  6461  1.604887E-13
  6462  1.604240E-13
  6463  1.603591E-13
  6464  1.602941E-13
  6465  1.602289E-13
  6466  1.601636E-13
  6467  1.600981E-13
  6468  1.600324E-13
  6469  1.599665E-13
  6470  1.599003E-13
  6471  1.598340E-13
  6472  1.597674E-13
  6473  1.597006E-13
  6474  1.596338E-13
  6475  1.595669E-13
  6476  1.595001E-13
  6477  1.594334E-13
  6478  1.593669E-13
  6479  1.593007E-13
  6480  1.592346E-13
  6481  1.591688E-13
  6482  1.591032E-13
  6483  1.590379E-13
  6484  1.589729E-13
  6485  1.589081E-13
  6486  1.588436E-13
  6487  1.587795E-13
  6488  1.587157E-13
  6489  1.586523E-13
  6490  1.585892E-13
  6491  1.585264E-13
  6492  1.584639E-13
  6493  1.584016E-13
  6494  1.583396E-13
  6495  1.582776E-13
  6496  1.582157E-13
  6497  1.581537E-13
  6498  1.580917E-13
  6499  1.580296E-13
  6500  1.579675E-13
  6501  1.579052E-13
  6502  1.578430E-13
  6503  1.577806E-13
  6504  1.577183E-13
  6505  1.576558E-13
  6506  1.575933E-13
  6507  1.575307E-13
  6508  1.574679E-13
  6509  1.574051E-13
  6510  1.573422E-13
  6511  1.572792E-13
  6512  1.572162E-13
  6513  1.571531E-13
  6514  1.570899E-13
  6515  1.570268E-13
  6516  1.569637E-13
  6517  1.569006E-13
  6518  1.568376E-13
  6519  1.567747E-13
  6520  1.567119E-13
  6521  1.566492E-13
  6522  1.565865E-13
  6523  1.565239E-13
  6524  1.564613E-13
  6525  1.563988E-13
  6526  1.563363E-13
  6527  1.562739E-13
  6528  1.562116E-13
  6529  1.561493E-13
  6530  1.560871E-13
  6531  1.560249E-13
  6532  1.559626E-13
  6533  1.559005E-13
  6534  1.558383E-13
  6535  1.557762E-13
  6536  1.557141E-13
  6537  1.556519E-13
  6538  1.555898E-13
  6539  1.555275E-13
  6540  1.554652E-13
  6541  1.554028E-13
  6542  1.553403E-13
  6543  1.552776E-13
  6544  1.552148E-13
  6545  1.551518E-13
  6546  1.550887E-13
  6547  1.550254E-13
  6548  1.549620E-13
  6549  1.548985E-13
  6550  1.548349E-13
  6551  1.547713E-13
  6552  1.547076E-13
  6553  1.546438E-13
  6554  1.545800E-13
  6555  1.545161E-13
  6556  1.544521E-13
  6557  1.543881E-13
  6558  1.543241E-13
  6559  1.542601E-13
  6560  1.541962E-13
  6561  1.541324E-13
  6562  1.540688E-13
  6563  1.540053E-13
  6564  1.539420E-13
  6565  1.538790E-13
  6566  1.538162E-13
  6567  1.537537E-13
  6568  1.536914E-13
  6569  1.536295E-13
  6570  1.535677E-13
  6571  1.535062E-13
  6572  1.534448E-13
  6573  1.533837E-13
  6574  1.533228E-13
  6575  1.532620E-13
  6576  1.532016E-13
  6577  1.531414E-13
  6578  1.530814E-13
  6579  1.530217E-13
  6580  1.529621E-13
  6581  1.529028E-13
  6582  1.528435E-13
  6583  1.527844E-13
  6584  1.527254E-13
  6585  1.526664E-13
  6586  1.526074E-13
  6587  1.525483E-13
  6588  1.524892E-13
  6589  1.524301E-13
  6590  1.523709E-13
  6591  1.523117E-13
  6592  1.522526E-13
  6593  1.521935E-13
  6594  1.521345E-13
  6595  1.520755E-13
  6596  1.520164E-13
  6597  1.519573E-13
  6598  1.518982E-13
  6599  1.518390E-13
  6600  1.517798E-13
  6601  1.517205E-13
  6602  1.516612E-13
  6603  1.516019E-13
  6604  1.515426E-13
  6605  1.514833E-13
  6606  1.514240E-13
  6607  1.513647E-13
  6608  1.513055E-13
  6609  1.512462E-13
  6610  1.511869E-13
  6611  1.511275E-13
  6612  1.510679E-13
  6613  1.510082E-13
  6614  1.509483E-13
  6615  1.508882E-13
  6616  1.508280E-13
  6617  1.507675E-13
  6618  1.507068E-13
  6619  1.506459E-13
  6620  1.505848E-13
  6621  1.505235E-13
  6622  1.504620E-13
  6623  1.504003E-13
  6624  1.503384E-13
  6625  1.502764E-13
  6626  1.502142E-13
  6627  1.501520E-13
  6628  1.500896E-13
  6629  1.500273E-13
  6630  1.499650E-13
  6631  1.499027E-13
  6632  1.498405E-13
  6633  1.497784E-13
  6634  1.497166E-13
  6635  1.496549E-13
  6636  1.495935E-13
  6637  1.495324E-13
  6638  1.494716E-13
  6639  1.494111E-13
  6640  1.493510E-13
  6641  1.492911E-13
  6642  1.492316E-13
  6643  1.491723E-13
  6644  1.491134E-13
  6645  1.490548E-13
  6646  1.489966E-13
  6647  1.489386E-13
  6648  1.488809E-13
  6649  1.488236E-13
  6650  1.487665E-13
  6651  1.487098E-13
  6652  1.486533E-13
  6653  1.485971E-13
  6654  1.485411E-13
  6655  1.484853E-13
  6656  1.484297E-13
  6657  1.483743E-13
  6658  1.483190E-13
  6659  1.482639E-13
  6660  1.482089E-13
  6661  1.481541E-13
  6662  1.480994E-13
  6663  1.480449E-13
  6664  1.479904E-13
  6665  1.479359E-13
  6666  1.478815E-13
  6667  1.478270E-13
  6668  1.477724E-13
  6669  1.477176E-13
  6670  1.476627E-13
  6671  1.476075E-13
  6672  1.475520E-13
  6673  1.474962E-13
  6674  1.474401E-13
  6675  1.473836E-13
  6676  1.473266E-13
  6677  1.472693E-13
  6678  1.472115E-13
  6679  1.471533E-13
  6680  1.470946E-13
  6681  1.470355E-13
  6682  1.469760E-13
  6683  1.469161E-13
  6684  1.468559E-13
  6685  1.467954E-13
  6686  1.467345E-13
  6687  1.466735E-13
  6688  1.466122E-13
  6689  1.465509E-13
  6690  1.464894E-13
  6691  1.464280E-13
  6692  1.463667E-13
  6693  1.463056E-13
  6694  1.462447E-13
  6695  1.461841E-13
  6696  1.461239E-13
  6697  1.460640E-13
  6698  1.460045E-13
  6699  1.459453E-13
  6700  1.458865E-13
  6701  1.458280E-13
  6702  1.457699E-13
  6703  1.457122E-13
  6704  1.456548E-13
  6705  1.455977E-13
  6706  1.455410E-13
  6707  1.454846E-13
  6708  1.454285E-13
  6709  1.453727E-13
  6710  1.453172E-13
  6711  1.452619E-13
  6712  1.452069E-13
  6713  1.451521E-13
  6714  1.450974E-13
  6715  1.450428E-13
  6716  1.449884E-13
  6717  1.449342E-13
  6718  1.448802E-13
  6719  1.448263E-13
  6720  1.447726E-13
  6721  1.447191E-13
  6722  1.446657E-13
  6723  1.446125E-13
  6724  1.445593E-13
  6725  1.445063E-13
  6726  1.444534E-13
  6727  1.444005E-13
  6728  1.443477E-13
  6729  1.442948E-13
  6730  1.442419E-13
  6731  1.441888E-13
  6732  1.441356E-13
  6733  1.440821E-13
  6734  1.440284E-13
  6735  1.439745E-13
  6736  1.439202E-13
  6737  1.438657E-13
  6738  1.438107E-13
  6739  1.437554E-13
  6740  1.436997E-13
  6741  1.436437E-13
  6742  1.435873E-13
  6743  1.435306E-13
  6744  1.434735E-13
  6745  1.434162E-13
  6746  1.433586E-13
  6747  1.433007E-13
  6748  1.432426E-13
  6749  1.431845E-13
  6750  1.431263E-13
  6751  1.430682E-13
  6752  1.430102E-13
  6753  1.429523E-13
  6754  1.428946E-13
  6755  1.428370E-13
  6756  1.427796E-13
  6757  1.427224E-13
  6758  1.426654E-13
  6759  1.426086E-13
  6760  1.425520E-13
  6761  1.424957E-13
  6762  1.424394E-13
  6763  1.423834E-13
  6764  1.423274E-13
  6765  1.422716E-13
  6766  1.422160E-13
  6767  1.421604E-13
  6768  1.421049E-13
  6769  1.420494E-13
  6770  1.419939E-13
  6771  1.419382E-13
  6772  1.418825E-13
  6773  1.418267E-13
  6774  1.417708E-13
  6775  1.417150E-13
  6776  1.416593E-13
  6777  1.416037E-13
  6778  1.415482E-13
  6779  1.414930E-13
  6780  1.414380E-13
  6781  1.413832E-13
  6782  1.413288E-13
  6783  1.412746E-13
  6784  1.412208E-13
  6785  1.411673E-13
  6786  1.411142E-13
  6787  1.410614E-13
  6788  1.410090E-13
  6789  1.409570E-13
  6790  1.409053E-13
  6791  1.408541E-13
  6792  1.408032E-13
  6793  1.407527E-13
  6794  1.407024E-13
  6795  1.406522E-13
  6796  1.406020E-13
  6797  1.405517E-13
  6798  1.405012E-13
  6799  1.404505E-13
  6800  1.403996E-13
  6801  1.403484E-13
  6802  1.402968E-13
  6803  1.402448E-13
  6804  1.401925E-13
  6805  1.401397E-13
  6806  1.400865E-13
  6807  1.400328E-13
  6808  1.399787E-13
  6809  1.399242E-13
  6810  1.398692E-13
  6811  1.398137E-13
  6812  1.397578E-13
  6813  1.397014E-13
  6814  1.396448E-13
  6815  1.395880E-13
  6816  1.395311E-13
  6817  1.394742E-13
  6818  1.394173E-13
  6819  1.393604E-13
  6820  1.393037E-13
  6821  1.392470E-13
  6822  1.391906E-13
  6823  1.391343E-13
  6824  1.390782E-13
  6825  1.390222E-13
  6826  1.389664E-13
  6827  1.389109E-13
  6828  1.388554E-13
  6829  1.388002E-13
  6830  1.387452E-13
  6831  1.386904E-13
  6832  1.386358E-13
  6833  1.385814E-13
  6834  1.385271E-13
  6835  1.384729E-13
  6836  1.384187E-13
  6837  1.383645E-13
  6838  1.383104E-13
  6839  1.382562E-13
  6840  1.382020E-13
  6841  1.381479E-13
  6842  1.380938E-13
  6843  1.380397E-13
  6844  1.379858E-13
  6845  1.379320E-13
  6846  1.378783E-13
  6847  1.378248E-13
  6848  1.377716E-13
  6849  1.377185E-13
  6850  1.376658E-13
  6851  1.376133E-13
  6852  1.375612E-13
  6853  1.375094E-13
  6854  1.374579E-13
  6855  1.374068E-13
  6856  1.373560E-13
  6857  1.373056E-13
  6858  1.372556E-13
  6859  1.372058E-13
  6860  1.371563E-13
  6861  1.371070E-13
  6862  1.370579E-13
  6863  1.370090E-13
  6864  1.369601E-13
  6865  1.369114E-13
  6866  1.368626E-13
  6867  1.368137E-13
  6868  1.367647E-13
  6869  1.367155E-13
  6870  1.366660E-13
  6871  1.366161E-13
  6872  1.365659E-13
  6873  1.365153E-13
  6874  1.364642E-13
  6875  1.364128E-13
  6876  1.363608E-13
  6877  1.363085E-13
  6878  1.362558E-13
  6879  1.362028E-13
  6880  1.361495E-13
  6881  1.360959E-13
  6882  1.360419E-13
  6883  1.359877E-13
  6884  1.359333E-13
  6885  1.358787E-13
  6886  1.358239E-13
  6887  1.357689E-13
  6888  1.357139E-13
  6889  1.356589E-13
  6890  1.356039E-13
  6891  1.355490E-13
  6892  1.354941E-13
  6893  1.354393E-13
  6894  1.353847E-13
  6895  1.353302E-13
  6896  1.352757E-13
  6897  1.352214E-13
  6898  1.351671E-13
  6899  1.351129E-13
  6900  1.350588E-13
  6901  1.350048E-13
  6902  1.349509E-13
  6903  1.348973E-13
  6904  1.348438E-13
  6905  1.347907E-13
  6906  1.347378E-13
  6907  1.346852E-13
  6908  1.346328E-13
  6909  1.345809E-13
  6910  1.345292E-13
  6911  1.344780E-13
  6912  1.344270E-13
  6913  1.343765E-13
  6914  1.343264E-13
  6915  1.342768E-13
  6916  1.342277E-13
  6917  1.341790E-13
  6918  1.341309E-13
  6919  1.340833E-13
  6920  1.340360E-13
  6921  1.339892E-13
  6922  1.339427E-13
  6923  1.338964E-13
  6924  1.338503E-13
  6925  1.338044E-13
  6926  1.337587E-13
  6927  1.337130E-13
  6928  1.336673E-13
  6929  1.336216E-13
  6930  1.335760E-13
  6931  1.335302E-13
  6932  1.334844E-13
  6933  1.334383E-13
  6934  1.333921E-13
  6935  1.333455E-13
  6936  1.332986E-13
  6937  1.332514E-13
  6938  1.332037E-13
  6939  1.331557E-13
  6940  1.331073E-13
  6941  1.330585E-13
  6942  1.330094E-13
  6943  1.329599E-13
  6944  1.329100E-13
  6945  1.328597E-13
  6946  1.328090E-13
  6947  1.327578E-13
  6948  1.327062E-13
  6949  1.326542E-13
  6950  1.326016E-13
  6951  1.325486E-13
  6952  1.324952E-13
  6953  1.324413E-13
  6954  1.323871E-13
  6955  1.323324E-13
  6956  1.322774E-13
  6957  1.322221E-13
  6958  1.321665E-13
  6959  1.321107E-13
  6960  1.320547E-13
  6961  1.319985E-13
  6962  1.319423E-13
  6963  1.318861E-13
  6964  1.318300E-13
  6965  1.317742E-13
  6966  1.317186E-13
  6967  1.316633E-13
  6968  1.316086E-13
  6969  1.315544E-13
  6970  1.315009E-13
  6971  1.314480E-13
  6972  1.313959E-13
  6973  1.313447E-13
  6974  1.312943E-13
  6975  1.312448E-13
  6976  1.311962E-13
  6977  1.311486E-13
  6978  1.311018E-13
  6979  1.310559E-13
  6980  1.310108E-13
  6981  1.309665E-13
  6982  1.309230E-13
  6983  1.308801E-13
  6984  1.308378E-13
  6985  1.307959E-13
  6986  1.307544E-13
  6987  1.307131E-13
  6988  1.306721E-13
  6989  1.306311E-13
  6990  1.305901E-13
  6991  1.305491E-13
  6992  1.305078E-13
  6993  1.304663E-13
  6994  1.304244E-13
  6995  1.303822E-13
  6996  1.303395E-13
  6997  1.302964E-13
  6998  1.302528E-13
  6999  1.302086E-13
  7000  1.301639E-13
  7001  1.301186E-13
  7002  1.300727E-13
  7003  1.300262E-13
  7004  1.299791E-13
  7005  1.299314E-13
  7006  1.298831E-13
  7007  1.298342E-13
  7008  1.297846E-13
  7009  1.297344E-13
  7010  1.296835E-13
  7011  1.296321E-13
  7012  1.295800E-13
  7013  1.295274E-13
  7014  1.294742E-13
  7015  1.294205E-13
  7016  1.293662E-13
  7017  1.293114E-13
  7018  1.292561E-13
  7019  1.292004E-13
  7020  1.291442E-13
  7021  1.290876E-13
  7022  1.290308E-13
  7023  1.289738E-13
  7024  1.289167E-13
  7025  1.288597E-13
  7026  1.288028E-13
  7027  1.287462E-13
  7028  1.286900E-13
  7029  1.286343E-13
  7030  1.285791E-13
  7031  1.285246E-13
  7032  1.284708E-13
  7033  1.284178E-13
  7034  1.283656E-13
  7035  1.283144E-13
  7036  1.282641E-13
  7037  1.282149E-13
  7038  1.281667E-13
  7039  1.281197E-13
  7040  1.280738E-13
  7041  1.280290E-13
  7042  1.279854E-13
  7043  1.279427E-13
  7044  1.279010E-13
  7045  1.278600E-13
  7046  1.278197E-13
  7047  1.277801E-13
  7048  1.277409E-13
  7049  1.277021E-13
  7050  1.276637E-13
  7051  1.276255E-13
  7052  1.275875E-13
  7053  1.275495E-13
  7054  1.275114E-13
  7055  1.274733E-13
  7056  1.274350E-13
  7057  1.273964E-13
  7058  1.273575E-13
  7059  1.273181E-13
  7060  1.272782E-13
  7061  1.272376E-13
  7062  1.271964E-13
  7063  1.271545E-13
  7064  1.271119E-13
  7065  1.270685E-13
  7066  1.270242E-13
  7067  1.269792E-13
  7068  1.269333E-13
  7069  1.268866E-13
  7070  1.268391E-13
  7071  1.267908E-13
  7072  1.267417E-13
  7073  1.266918E-13
  7074  1.266411E-13
  7075  1.265896E-13
  7076  1.265374E-13
  7077  1.264845E-13
  7078  1.264308E-13
  7079  1.263765E-13
  7080  1.263215E-13
  7081  1.262659E-13
  7082  1.262099E-13
  7083  1.261537E-13
  7084  1.260973E-13
  7085  1.260408E-13
  7086  1.259845E-13
  7087  1.259284E-13
  7088  1.258726E-13
  7089  1.258172E-13
  7090  1.257623E-13
  7091  1.257078E-13
  7092  1.256540E-13
  7093  1.256009E-13
  7094  1.255486E-13
  7095  1.254971E-13
  7096  1.254465E-13
  7097  1.253969E-13
  7098  1.253484E-13
  7099  1.253009E-13
  7100  1.252546E-13
  7101  1.252094E-13
  7102  1.251653E-13
  7103  1.251222E-13
  7104  1.250800E-13
  7105  1.250385E-13
  7106  1.249978E-13
  7107  1.249577E-13
  7108  1.249181E-13
  7109  1.248789E-13
  7110  1.248402E-13
  7111  1.248018E-13
  7112  1.247637E-13
  7113  1.247258E-13
  7114  1.246880E-13
  7115  1.246503E-13
  7116  1.246126E-13
  7117  1.245748E-13
  7118  1.245368E-13
  7119  1.244986E-13
  7120  1.244600E-13
  7121  1.244210E-13
  7122  1.243816E-13
  7123  1.243416E-13
  7124  1.243012E-13
  7125  1.242602E-13
  7126  1.242187E-13
  7127  1.241765E-13
  7128  1.241338E-13
  7129  1.240904E-13
  7130  1.240462E-13
  7131  1.240013E-13
  7132  1.239557E-13
  7133  1.239092E-13
  7134  1.238618E-13
  7135  1.238136E-13
  7136  1.237645E-13
  7137  1.237146E-13
  7138  1.236639E-13
  7139  1.236124E-13
  7140  1.235603E-13
  7141  1.235075E-13
  7142  1.234542E-13
  7143  1.234003E-13
  7144  1.233461E-13
  7145  1.232915E-13
  7146  1.232368E-13
  7147  1.231821E-13
  7148  1.231275E-13
  7149  1.230732E-13
  7150  1.230192E-13
  7151  1.229657E-13
  7152  1.229128E-13
  7153  1.228606E-13
  7154  1.228092E-13
  7155  1.227587E-13
  7156  1.227092E-13
  7157  1.226607E-13
  7158  1.226133E-13
  7159  1.225670E-13
  7160  1.225217E-13
  7161  1.224776E-13
  7162  1.224346E-13
  7163  1.223926E-13
  7164  1.223517E-13
  7165  1.223117E-13
  7166  1.222724E-13
  7167  1.222338E-13
  7168  1.221958E-13
  7169  1.221582E-13
  7170  1.221209E-13
  7171  1.220839E-13
  7172  1.220471E-13
  7173  1.220103E-13
  7174  1.219734E-13
  7175  1.219364E-13
  7176  1.218992E-13
  7177  1.218617E-13
  7178  1.218239E-13
  7179  1.217856E-13
  7180  1.217469E-13
  7181  1.217077E-13
  7182  1.216679E-13
  7183  1.216275E-13
  7184  1.215866E-13
  7185  1.215451E-13
  7186  1.215031E-13
  7187  1.214606E-13
  7188  1.214176E-13
  7189  1.213740E-13
  7190  1.213300E-13
  7191  1.212853E-13
  7192  1.212402E-13
  7193  1.211946E-13
  7194  1.211485E-13
  7195  1.211020E-13
  7196  1.210550E-13
  7197  1.210075E-13
  7198  1.209596E-13
  7199  1.209113E-13
  7200  1.208625E-13
  7201  1.208133E-13
  7202  1.207637E-13
  7203  1.207137E-13
  7204  1.206634E-13
  7205  1.206127E-13
  7206  1.205618E-13
  7207  1.205107E-13
  7208  1.204595E-13
  7209  1.204083E-13
  7210  1.203573E-13
  7211  1.203066E-13
  7212  1.202561E-13
  7213  1.202060E-13
  7214  1.201564E-13
  7215  1.201074E-13
  7216  1.200590E-13
  7217  1.200112E-13
  7218  1.199644E-13
  7219  1.199184E-13
  7220  1.198734E-13
  7221  1.198294E-13
  7222  1.197865E-13
  7223  1.197446E-13
  7224  1.197040E-13
  7225  1.196644E-13
  7226  1.196258E-13
  7227  1.195882E-13
  7228  1.195514E-13
  7229  1.195153E-13
  7230  1.194797E-13
  7231  1.194446E-13
  7232  1.194098E-13
  7233  1.193752E-13
  7234  1.193407E-13
  7235  1.193061E-13
  7236  1.192714E-13
  7237  1.192365E-13
  7238  1.192011E-13
  7239  1.191653E-13
  7240  1.191290E-13
  7241  1.190919E-13
  7242  1.190541E-13
  7243  1.190155E-13
  7244  1.189760E-13
  7245  1.189357E-13
  7246  1.188944E-13
  7247  1.188524E-13
  7248  1.188096E-13
  7249  1.187661E-13
  7250  1.187220E-13
  7251  1.186773E-13
  7252  1.186321E-13
  7253  1.185865E-13
  7254  1.185405E-13
  7255  1.184941E-13
  7256  1.184475E-13
  7257  1.184007E-13
  7258  1.183537E-13
  7259  1.183067E-13
  7260  1.182595E-13
  7261  1.182124E-13
  7262  1.181653E-13
  7263  1.181184E-13
  7264  1.180715E-13
  7265  1.180247E-13
  7266  1.179781E-13
  7267  1.179317E-13
  7268  1.178854E-13
  7269  1.178393E-13
  7270  1.177934E-13
  7271  1.177478E-13
  7272  1.177024E-13
  7273  1.176572E-13
  7274  1.176123E-13
  7275  1.175677E-13
  7276  1.175234E-13
  7277  1.174795E-13
  7278  1.174360E-13
  7279  1.173929E-13
  7280  1.173501E-13
  7281  1.173078E-13
  7282  1.172659E-13
  7283  1.172244E-13
  7284  1.171834E-13
  7285  1.171429E-13
  7286  1.171028E-13
  7287  1.170632E-13
  7288  1.170241E-13
  7289  1.169853E-13
  7290  1.169469E-13
  7291  1.169087E-13
  7292  1.168707E-13
  7293  1.168329E-13
  7294  1.167953E-13
  7295  1.167577E-13
  7296  1.167202E-13
  7297  1.166826E-13
  7298  1.166450E-13
  7299  1.166072E-13
  7300  1.165693E-13
  7301  1.165313E-13
  7302  1.164929E-13
  7303  1.164543E-13
  7304  1.164154E-13
  7305  1.163762E-13
  7306  1.163365E-13
  7307  1.162965E-13
  7308  1.162561E-13
  7309  1.162154E-13
  7310  1.161743E-13
  7311  1.161329E-13
  7312  1.160913E-13
  7313  1.160494E-13
  7314  1.160073E-13
  7315  1.159649E-13
  7316  1.159223E-13
  7317  1.158796E-13
  7318  1.158366E-13
  7319  1.157935E-13
  7320  1.157503E-13
  7321  1.157070E-13
  7322  1.156636E-13
  7323  1.156201E-13
  7324  1.155766E-13
  7325  1.155330E-13
  7326  1.154894E-13
  7327  1.154458E-13
  7328  1.154023E-13
  7329  1.153588E-13
  7330  1.153154E-13
  7331  1.152720E-13
  7332  1.152288E-13
  7333  1.151857E-13
  7334  1.151428E-13
  7335  1.151002E-13
  7336  1.150577E-13
  7337  1.150155E-13
  7338  1.149734E-13
  7339  1.149317E-13
  7340  1.148901E-13
  7341  1.148488E-13
  7342  1.148078E-13
  7343  1.147671E-13
  7344  1.147267E-13
  7345  1.146866E-13
  7346  1.146468E-13
  7347  1.146073E-13
  7348  1.145680E-13
  7349  1.145290E-13
  7350  1.144901E-13
  7351  1.144512E-13
  7352  1.144125E-13
  7353  1.143737E-13
  7354  1.143349E-13
  7355  1.142960E-13
  7356  1.142571E-13
  7357  1.142181E-13
  7358  1.141790E-13
  7359  1.141398E-13
  7360  1.141004E-13
  7361  1.140610E-13
  7362  1.140213E-13
  7363  1.139814E-13
  7364  1.139413E-13
  7365  1.139009E-13
  7366  1.138604E-13
  7367  1.138197E-13
  7368  1.137789E-13
  7369  1.137379E-13
  7370  1.136969E-13
  7371  1.136559E-13
  7372  1.136149E-13
  7373  1.135740E-13
  7374  1.135331E-13
  7375  1.134924E-13
  7376  1.134517E-13
  7377  1.134112E-13
  7378  1.133708E-13
  7379  1.133306E-13
  7380  1.132905E-13
  7381  1.132505E-13
  7382  1.132107E-13
  7383  1.131711E-13
  7384  1.131317E-13
  7385  1.130924E-13
  7386  1.130533E-13
  7387  1.130142E-13
  7388  1.129753E-13
  7389  1.129364E-13
  7390  1.128976E-13
  7391  1.128588E-13
  7392  1.128199E-13
  7393  1.127810E-13
  7394  1.127420E-13
  7395  1.127030E-13
  7396  1.126639E-13
  7397  1.126248E-13
  7398  1.125856E-13
  7399  1.125463E-13
  7400  1.125070E-13
  7401  1.124677E-13
  7402  1.124283E-13
  7403  1.123888E-13
  7404  1.123493E-13
  7405  1.123097E-13
  7406  1.122700E-13
  7407  1.122304E-13
  7408  1.121907E-13
  7409  1.121511E-13
  7410  1.121114E-13
  7411  1.120718E-13
  7412  1.120323E-13
  7413  1.119928E-13
  7414  1.119533E-13
  7415  1.119138E-13
  7416  1.118742E-13
  7417  1.118346E-13
  7418  1.117949E-13
  7419  1.117551E-13
  7420  1.117152E-13
  7421  1.116751E-13
  7422  1.116350E-13
  7423  1.115948E-13
  7424  1.115545E-13
  7425  1.115142E-13
  7426  1.114737E-13
  7427  1.114332E-13
  7428  1.113925E-13
  7429  1.113517E-13
  7430  1.113108E-13
  7431  1.112697E-13
  7432  1.112287E-13
  7433  1.111875E-13
  7434  1.111464E-13
  7435  1.111054E-13
  7436  1.110645E-13
  7437  1.110239E-13
  7438  1.109834E-13
  7439  1.109432E-13
  7440  1.109034E-13
  7441  1.108638E-13
  7442  1.108246E-13
  7443  1.107857E-13
  7444  1.107472E-13
  7445  1.107089E-13
  7446  1.106711E-13
  7447  1.106335E-13
  7448  1.105964E-13
  7449  1.105596E-13
  7450  1.105233E-13
  7451  1.104873E-13
  7452  1.104516E-13
  7453  1.104162E-13
  7454  1.103811E-13
  7455  1.103460E-13
  7456  1.103110E-13
  7457  1.102760E-13
  7458  1.102409E-13
  7459  1.102056E-13
  7460  1.101702E-13
  7461  1.101345E-13
  7462  1.100985E-13
  7463  1.100622E-13
  7464  1.100257E-13
  7465  1.099887E-13
  7466  1.099515E-13
  7467  1.099138E-13
  7468  1.098758E-13
  7469  1.098373E-13
  7470  1.097983E-13
  7471  1.097589E-13
  7472  1.097190E-13
  7473  1.096786E-13
  7474  1.096379E-13
  7475  1.095969E-13
  7476  1.095556E-13
  7477  1.095141E-13
  7478  1.094725E-13
  7479  1.094309E-13
  7480  1.093892E-13
  7481  1.093476E-13
  7482  1.093060E-13
  7483  1.092645E-13
  7484  1.092232E-13
  7485  1.091819E-13
  7486  1.091408E-13
  7487  1.090999E-13
  7488  1.090591E-13
  7489  1.090186E-13
  7490  1.089783E-13
  7491  1.089383E-13
  7492  1.088987E-13
  7493  1.088595E-13
  7494  1.088205E-13
  7495  1.087819E-13
  7496  1.087435E-13
  7497  1.087054E-13
  7498  1.086674E-13
  7499  1.086296E-13
  7500  1.085920E-13
  7501  1.085544E-13
  7502  1.085170E-13
  7503  1.084796E-13
  7504  1.084423E-13
  7505  1.084052E-13
  7506  1.083683E-13
  7507  1.083315E-13
  7508  1.082948E-13
  7509  1.082583E-13
  7510  1.082218E-13
  7511  1.081854E-13
  7512  1.081490E-13
  7513  1.081127E-13
  7514  1.080764E-13
  7515  1.080401E-13
  7516  1.080040E-13
  7517  1.079679E-13
  7518  1.079319E-13
  7519  1.078961E-13
  7520  1.078605E-13
  7521  1.078250E-13
  7522  1.077897E-13
  7523  1.077545E-13
  7524  1.077195E-13
  7525  1.076845E-13
  7526  1.076496E-13
  7527  1.076147E-13
  7528  1.075797E-13
  7529  1.075448E-13
  7530  1.075098E-13
  7531  1.074748E-13
  7532  1.074397E-13
  7533  1.074044E-13
  7534  1.073691E-13
  7535  1.073335E-13
  7536  1.072978E-13
  7537  1.072618E-13
  7538  1.072255E-13
  7539  1.071889E-13
  7540  1.071520E-13
  7541  1.071147E-13
  7542  1.070770E-13
  7543  1.070390E-13
  7544  1.070006E-13
  7545  1.069619E-13
  7546  1.069228E-13
  7547  1.068834E-13
  7548  1.068438E-13
  7549  1.068039E-13
  7550  1.067638E-13
  7551  1.067234E-13
  7552  1.066829E-13
  7553  1.066423E-13
  7554  1.066017E-13
  7555  1.065611E-13
  7556  1.065206E-13
  7557  1.064801E-13
  7558  1.064398E-13
  7559  1.063997E-13
  7560  1.063598E-13
  7561  1.063202E-13
  7562  1.062809E-13
  7563  1.062420E-13
  7564  1.062034E-13
  7565  1.061652E-13
  7566  1.061274E-13
  7567  1.060900E-13
  7568  1.060530E-13
  7569  1.060165E-13
  7570  1.059804E-13
  7571  1.059447E-13
  7572  1.059095E-13
  7573  1.058746E-13
  7574  1.058400E-13
  7575  1.058057E-13
  7576  1.057716E-13
  7577  1.057376E-13
  7578  1.057038E-13
  7579  1.056701E-13
  7580  1.056364E-13
  7581  1.056028E-13
  7582  1.055690E-13
  7583  1.055352E-13
  7584  1.055012E-13
  7585  1.054671E-13
  7586  1.054327E-13
  7587  1.053982E-13
  7588  1.053633E-13
  7589  1.053282E-13
  7590  1.052928E-13
  7591  1.052572E-13
  7592  1.052212E-13
  7593  1.051849E-13
  7594  1.051484E-13
  7595  1.051117E-13
  7596  1.050749E-13
  7597  1.050380E-13
  7598  1.050011E-13
  7599  1.049641E-13
  7600  1.049271E-13
  7601  1.048902E-13
  7602  1.048533E-13
  7603  1.048166E-13
  7604  1.047800E-13
  7605  1.047435E-13
  7606  1.047072E-13
  7607  1.046710E-13
  7608  1.046350E-13
  7609  1.045992E-13
  7610  1.045635E-13
  7611  1.045279E-13
  7612  1.044925E-13
  7613  1.044572E-13
  7614  1.044218E-13
  7615  1.043865E-13
  7616  1.043511E-13
  7617  1.043156E-13
  7618  1.042799E-13
  7619  1.042440E-13
  7620  1.042080E-13
  7621  1.041717E-13
  7622  1.041351E-13
  7623  1.040984E-13
  7624  1.040614E-13
  7625  1.040242E-13
  7626  1.039869E-13
  7627  1.039494E-13
  7628  1.039118E-13
  7629  1.038742E-13
  7630  1.038365E-13
  7631  1.037989E-13
  7632  1.037612E-13
  7633  1.037237E-13
  7634  1.036863E-13
  7635  1.036491E-13
  7636  1.036122E-13
  7637  1.035756E-13
  7638  1.035395E-13
  7639  1.035037E-13
  7640  1.034685E-13
  7641  1.034338E-13
  7642  1.033995E-13
  7643  1.033657E-13
  7644  1.033323E-13
  7645  1.032993E-13
  7646  1.032666E-13
  7647  1.032343E-13
  7648  1.032021E-13
  7649  1.031701E-13
  7650  1.031382E-13
  7651  1.031064E-13
  7652  1.030746E-13
  7653  1.030428E-13
  7654  1.030108E-13
  7655  1.029787E-13
  7656  1.029463E-13
  7657  1.029136E-13
  7658  1.028804E-13
  7659  1.028468E-13
  7660  1.028127E-13
  7661  1.027779E-13
  7662  1.027427E-13
  7663  1.027069E-13
  7664  1.026705E-13
  7665  1.026337E-13
  7666  1.025965E-13
  7667  1.025589E-13
  7668  1.025210E-13
  7669  1.024828E-13
  7670  1.024444E-13
  7671  1.024060E-13
  7672  1.023674E-13
  7673  1.023289E-13
  7674  1.022904E-13
  7675  1.022520E-13
  7676  1.022138E-13
  7677  1.021758E-13
  7678  1.021382E-13
  7679  1.021010E-13
  7680  1.020641E-13
  7681  1.020278E-13
  7682  1.019920E-13
  7683  1.019567E-13
  7684  1.019219E-13
  7685  1.018875E-13
  7686  1.018535E-13
  7687  1.018199E-13
  7688  1.017865E-13
  7689  1.017534E-13
  7690  1.017204E-13
  7691  1.016875E-13
  7692  1.016546E-13
  7693  1.016218E-13
  7694  1.015889E-13
  7695  1.015559E-13
  7696  1.015229E-13
  7697  1.014897E-13
  7698  1.014563E-13
  7699  1.014227E-13
  7700  1.013889E-13
  7701  1.013547E-13
  7702  1.013203E-13
  7703  1.012855E-13
  7704  1.012504E-13
  7705  1.012152E-13
  7706  1.011797E-13
  7707  1.011442E-13
  7708  1.011086E-13
  7709  1.010731E-13
  7710  1.010376E-13
  7711  1.010023E-13
  7712  1.009670E-13
  7713  1.009320E-13
  7714  1.008971E-13
  7715  1.008625E-13
  7716  1.008281E-13
  7717  1.007940E-13
  7718  1.007601E-13
  7719  1.007265E-13
  7720  1.006931E-13
  7721  1.006601E-13
  7722  1.006273E-13
  7723  1.005948E-13
  7724  1.005625E-13
  7725  1.005303E-13
  7726  1.004983E-13
  7727  1.004663E-13
  7728  1.004343E-13
  7729  1.004023E-13
  7730  1.003701E-13
  7731  1.003378E-13
  7732  1.003054E-13
  7733  1.002727E-13
  7734  1.002398E-13
  7735  1.002067E-13
  7736  1.001732E-13
  7737  1.001395E-13
  7738  1.001055E-13
  7739  1.000713E-13
  7740  1.000368E-13
  7741  1.000020E-13
  7742  9.996693E-14
  7743  9.993168E-14
  7744  9.989626E-14
  7745  9.986069E-14
  7746  9.982502E-14
  7747  9.978928E-14
  7748  9.975352E-14
  7749  9.971776E-14
  7750  9.968204E-14
  7751  9.964637E-14
  7752  9.961078E-14
  7753  9.957529E-14
  7754  9.953992E-14
  7755  9.950471E-14
  7756  9.946968E-14
  7757  9.943485E-14
  7758  9.940024E-14
  7759  9.936584E-14
  7760  9.933165E-14
  7761  9.929768E-14
  7762  9.926392E-14
  7763  9.923036E-14
  7764  9.919699E-14
  7765  9.916379E-14
  7766  9.913074E-14
  7767  9.909785E-14
  7768  9.906509E-14
  7769  9.903247E-14
  7770  9.899999E-14
  7771  9.896765E-14
  7772  9.893544E-14
  7773  9.890336E-14
  7774  9.887140E-14
  7775  9.883952E-14
  7776  9.880771E-14
  7777  9.877596E-14
  7778  9.874422E-14
  7779  9.871246E-14
  7780  9.868064E-14
  7781  9.864875E-14
  7782  9.861678E-14
  7783  9.858471E-14
  7784  9.855252E-14
  7785  9.852022E-14
  7786  9.848778E-14
  7787  9.845521E-14
  7788  9.842249E-14
  7789  9.838959E-14
  7790  9.835651E-14
  7791  9.832325E-14
  7792  9.828982E-14
  7793  9.825621E-14
  7794  9.822246E-14
  7795  9.818858E-14
  7796  9.815459E-14
  7797  9.812054E-14
  7798  9.808648E-14
  7799  9.805249E-14
  7800  9.801862E-14
  7801  9.798489E-14
  7802  9.795130E-14
  7803  9.791788E-14
  7804  9.788466E-14
  7805  9.785163E-14
  7806  9.781881E-14
  7807  9.778622E-14
  7808  9.775385E-14
  7809  9.772173E-14
  7810  9.768987E-14
  7811  9.765825E-14
  7812  9.762686E-14
  7813  9.759567E-14
  7814  9.756464E-14
  7815  9.753374E-14
  7816  9.750293E-14
  7817  9.747215E-14
  7818  9.744135E-14
  7819  9.741047E-14
  7820  9.737945E-14
  7821  9.734825E-14
  7822  9.731687E-14
  7823  9.728530E-14
  7824  9.725356E-14
  7825  9.722164E-14
  7826  9.718953E-14
  7827  9.715724E-14
  7828  9.712477E-14
  7829  9.709209E-14
  7830  9.705923E-14
  7831  9.702620E-14
  7832  9.699301E-14
  7833  9.695971E-14
  7834  9.692633E-14
  7835  9.689290E-14
  7836  9.685945E-14
  7837  9.682600E-14
  7838  9.679260E-14
  7839  9.675927E-14
  7840  9.672607E-14
  7841  9.669301E-14
  7842  9.666012E-14
  7843  9.662738E-14
  7844  9.659477E-14
  7845  9.656228E-14
  7846  9.652989E-14
  7847  9.649758E-14
  7848  9.646532E-14
  7849  9.643311E-14
  7850  9.640091E-14
  7851  9.636872E-14
  7852  9.633652E-14
  7853  9.630430E-14
  7854  9.627204E-14
  7855  9.623975E-14
  7856  9.620740E-14
  7857  9.617501E-14
  7858  9.614255E-14
  7859  9.611003E-14
  7860  9.607743E-14
  7861  9.604474E-14
  7862  9.601196E-14
  7863  9.597909E-14
  7864  9.594618E-14
  7865  9.591324E-14
  7866  9.588032E-14
  7867  9.584747E-14
  7868  9.581473E-14
  7869  9.578213E-14
  7870  9.574968E-14
  7871  9.571741E-14
  7872  9.568530E-14
  7873  9.565337E-14
  7874  9.562160E-14
  7875  9.558998E-14
  7876  9.555851E-14
  7877  9.552717E-14
  7878  9.549595E-14
  7879  9.546486E-14
  7880  9.543389E-14
  7881  9.540303E-14
  7882  9.537226E-14
  7883  9.534156E-14
  7884  9.531091E-14
  7885  9.528028E-14
  7886  9.524963E-14
  7887  9.521894E-14
  7888  9.518818E-14
  7889  9.515733E-14
  7890  9.512638E-14
  7891  9.509530E-14
  7892  9.506412E-14
  7893  9.503283E-14
  7894  9.500146E-14
  7895  9.497003E-14
  7896  9.493858E-14
  7897  9.490712E-14
  7898  9.487566E-14
  7899  9.484421E-14
  7900  9.481277E-14
  7901  9.478136E-14
  7902  9.474999E-14
  7903  9.471868E-14
  7904  9.468743E-14
  7905  9.465626E-14
  7906  9.462518E-14
  7907  9.459419E-14
  7908  9.456328E-14
  7909  9.453247E-14
  7910  9.450177E-14
  7911  9.447117E-14
  7912  9.444067E-14
  7913  9.441024E-14
  7914  9.437986E-14
  7915  9.434947E-14
  7916  9.431905E-14
  7917  9.428857E-14
  7918  9.425802E-14
  7919  9.422739E-14
  7920  9.419667E-14
  7921  9.416586E-14
  7922  9.413494E-14
  7923  9.410389E-14
  7924  9.407272E-14
  7925  9.404142E-14
  7926  9.400999E-14
  7927  9.397845E-14
  7928  9.394679E-14
  7929  9.391502E-14
  7930  9.388315E-14
  7931  9.385117E-14
  7932  9.381909E-14
  7933  9.378696E-14
  7934  9.375479E-14
  7935  9.372265E-14
  7936  9.369056E-14
  7937  9.365855E-14
  7938  9.362665E-14
  7939  9.359488E-14
  7940  9.356328E-14
  7941  9.353186E-14
  7942  9.350063E-14
  7943  9.346961E-14
  7944  9.343881E-14
  7945  9.340823E-14
  7946  9.337788E-14
  7947  9.334776E-14
  7948  9.331786E-14
  7949  9.328818E-14
  7950  9.325870E-14
  7951  9.322941E-14
  7952  9.320028E-14
  7953  9.317129E-14
  7954  9.314240E-14
  7955  9.311356E-14
  7956  9.308472E-14
  7957  9.305585E-14
  7958  9.302691E-14
  7959  9.299787E-14
  7960  9.296866E-14
  7961  9.293928E-14
  7962  9.290968E-14
  7963  9.287987E-14
  7964  9.284981E-14
  7965  9.281950E-14
  7966  9.278893E-14
  7967  9.275808E-14
  7968  9.272696E-14
  7969  9.269557E-14
  7970  9.266392E-14
  7971  9.263205E-14
  7972  9.259997E-14
  7973  9.256773E-14
  7974  9.253535E-14
  7975  9.250288E-14
  7976  9.247035E-14
  7977  9.243778E-14
  7978  9.240523E-14
  7979  9.237272E-14
  7980  9.234031E-14
  7981  9.230802E-14
  7982  9.227589E-14
  7983  9.224392E-14
  7984  9.221212E-14
  7985  9.218051E-14
  7986  9.214910E-14
  7987  9.211790E-14
  7988  9.208692E-14
  7989  9.205617E-14
  7990  9.202566E-14
  7991  9.199539E-14
  7992  9.196535E-14
  7993  9.193552E-14
  7994  9.190589E-14
  7995  9.187645E-14
  7996  9.184719E-14
  7997  9.181809E-14
  7998  9.178913E-14
  7999  9.176029E-14
  8000  9.173156E-14
  8001  9.170291E-14
  8002  9.167435E-14
  8003  9.164588E-14
  8004  9.161748E-14
  8005  9.158916E-14
  8006  9.156091E-14
  8007  9.153273E-14
  8008  9.150459E-14
  8009  9.147650E-14
  8010  9.144843E-14
  8011  9.142037E-14
  8012  9.139230E-14
  8013  9.136421E-14
  8014  9.133609E-14
  8015  9.130794E-14
  8016  9.127974E-14
  8017  9.125149E-14
  8018  9.122318E-14
  8019  9.119480E-14
  8020  9.116635E-14
  8021  9.113783E-14
  8022  9.110923E-14
  8023  9.108056E-14
  8024  9.105179E-14
  8025  9.102291E-14
  8026  9.099392E-14
  8027  9.096479E-14
  8028  9.093551E-14
  8029  9.090608E-14
  8030  9.087650E-14
  8031  9.084678E-14
  8032  9.081691E-14
  8033  9.078691E-14
  8034  9.075680E-14
  8035  9.072660E-14
  8036  9.069632E-14
  8037  9.066598E-14
  8038  9.063557E-14
  8039  9.060512E-14
  8040  9.057460E-14
  8041  9.054404E-14
  8042  9.051342E-14
  8043  9.048278E-14
  8044  9.045212E-14
  8045  9.042148E-14
  8046  9.039087E-14
  8047  9.036033E-14
  8048  9.032988E-14
  8049  9.029954E-14
  8050  9.026932E-14
  8051  9.023922E-14
  8052  9.020925E-14
  8053  9.017940E-14
  8054  9.014963E-14
  8055  9.011995E-14
  8056  9.009032E-14
  8057  9.006074E-14
  8058  9.003121E-14
  8059  9.000172E-14
  8060  8.997227E-14
  8061  8.994287E-14
  8062  8.991350E-14
  8063  8.988416E-14
  8064  8.985482E-14
  8065  8.982547E-14
  8066  8.979610E-14
  8067  8.976668E-14
  8068  8.973719E-14
  8069  8.970762E-14
  8070  8.967799E-14
  8071  8.964829E-14
  8072  8.961855E-14
  8073  8.958880E-14
  8074  8.955907E-14
  8075  8.952939E-14
  8076  8.949979E-14
  8077  8.947029E-14
  8078  8.944091E-14
  8079  8.941167E-14
  8080  8.938258E-14
  8081  8.935365E-14
  8082  8.932490E-14
  8083  8.929633E-14
  8084  8.926796E-14
  8085  8.923979E-14
  8086  8.921185E-14
  8087  8.918414E-14
  8088  8.915667E-14
  8089  8.912942E-14
  8090  8.910238E-14
  8091  8.907552E-14
  8092  8.904880E-14
  8093  8.902220E-14
  8094  8.899568E-14
  8095  8.896921E-14
  8096  8.894277E-14
  8097  8.891631E-14
  8098  8.888982E-14
  8099  8.886327E-14
  8100  8.883663E-14
  8101  8.880988E-14
  8102  8.878300E-14
  8103  8.875597E-14
  8104  8.872876E-14
  8105  8.870137E-14
  8106  8.867378E-14
  8107  8.864597E-14
  8108  8.861796E-14
  8109  8.858976E-14
  8110  8.856137E-14
  8111  8.853282E-14
  8112  8.850411E-14
  8113  8.847524E-14
  8114  8.844623E-14
  8115  8.841710E-14
  8116  8.838785E-14
  8117  8.835852E-14
  8118  8.832910E-14
  8119  8.829961E-14
  8120  8.827007E-14
  8121  8.824049E-14
  8122  8.821090E-14
  8123  8.818133E-14
  8124  8.815181E-14
  8125  8.812235E-14
  8126  8.809296E-14
  8127  8.806364E-14
  8128  8.803439E-14
  8129  8.800522E-14
  8130  8.797612E-14
  8131  8.794710E-14
  8132  8.791814E-14
  8133  8.788927E-14
  8134  8.786046E-14
  8135  8.783173E-14
  8136  8.780309E-14
  8137  8.777454E-14
  8138  8.774608E-14
  8139  8.771774E-14
  8140  8.768951E-14
  8141  8.766138E-14
  8142  8.763333E-14
  8143  8.760533E-14
  8144  8.757739E-14
  8145  8.754948E-14
  8146  8.752162E-14
  8147  8.749380E-14
  8148  8.746604E-14
  8149  8.743834E-14
  8150  8.741071E-14
  8151  8.738317E-14
  8152  8.735570E-14
  8153  8.732831E-14
  8154  8.730101E-14
  8155  8.727380E-14
  8156  8.724665E-14
  8157  8.721956E-14
  8158  8.719250E-14
  8159  8.716547E-14
  8160  8.713845E-14
  8161  8.711143E-14
  8162  8.708442E-14
  8163  8.705743E-14
  8164  8.703044E-14
  8165  8.700346E-14
  8166  8.697647E-14
  8167  8.694946E-14
  8168  8.692241E-14
  8169  8.689530E-14
  8170  8.686812E-14
  8171  8.684085E-14
  8172  8.681349E-14
  8173  8.678603E-14
  8174  8.675845E-14
  8175  8.673075E-14
  8176  8.670296E-14
  8177  8.667508E-14
  8178  8.664713E-14
  8179  8.661913E-14
  8180  8.659108E-14
  8181  8.656300E-14
  8182  8.653487E-14
  8183  8.650670E-14
  8184  8.647850E-14
  8185  8.645027E-14
  8186  8.642203E-14
  8187  8.639379E-14
  8188  8.636558E-14
  8189  8.633741E-14
  8190  8.630929E-14
  8191  8.628125E-14
  8192  8.625329E-14
  8193  8.622544E-14
  8194  8.619768E-14
  8195  8.617000E-14
  8196  8.614240E-14
  8197  8.611486E-14
  8198  8.608737E-14
  8199  8.605995E-14
  8200  8.603258E-14
  8201  8.600530E-14
  8202  8.597810E-14
  8203  8.595101E-14
  8204  8.592401E-14
  8205  8.589709E-14
  8206  8.587025E-14
  8207  8.584346E-14
  8208  8.581672E-14
  8209  8.579003E-14
  8210  8.576338E-14
  8211  8.573676E-14
  8212  8.571016E-14
  8213  8.568359E-14
  8214  8.565704E-14
  8215  8.563052E-14
  8216  8.560404E-14
  8217  8.557759E-14
  8218  8.555118E-14
  8219  8.552478E-14
  8220  8.549839E-14
  8221  8.547197E-14
  8222  8.544553E-14
  8223  8.541904E-14
  8224  8.539252E-14
  8225  8.536599E-14
  8226  8.533945E-14
  8227  8.531290E-14
  8228  8.528633E-14
  8229  8.525973E-14
  8230  8.523310E-14
  8231  8.520644E-14
  8232  8.517975E-14
  8233  8.515303E-14
  8234  8.512630E-14
  8235  8.509955E-14
  8236  8.507278E-14
  8237  8.504598E-14
  8238  8.501916E-14
  8239  8.499231E-14
  8240  8.496545E-14
  8241  8.493859E-14
  8242  8.491171E-14
  8243  8.488484E-14
  8244  8.485794E-14
  8245  8.483102E-14
  8246  8.480405E-14
  8247  8.477704E-14
  8248  8.475001E-14
  8249  8.472297E-14
  8250  8.469592E-14
  8251  8.466887E-14
  8252  8.464182E-14
  8253  8.461478E-14
  8254  8.458773E-14
  8255  8.456068E-14
  8256  8.453366E-14
  8257  8.450667E-14
  8258  8.447974E-14
  8259  8.445286E-14
  8260  8.442607E-14
  8261  8.439937E-14
  8262  8.437276E-14
  8263  8.434626E-14
  8264  8.431988E-14
  8265  8.429362E-14
  8266  8.426747E-14
  8267  8.424141E-14
  8268  8.421544E-14
  8269  8.418954E-14
  8270  8.416370E-14
  8271  8.413791E-14
  8272  8.411216E-14
  8273  8.408643E-14
  8274  8.406071E-14
  8275  8.403498E-14
  8276  8.400922E-14
  8277  8.398342E-14
  8278  8.395755E-14
  8279  8.393159E-14
  8280  8.390551E-14
  8281  8.387929E-14
  8282  8.385294E-14
  8283  8.382645E-14
  8284  8.379985E-14
  8285  8.377316E-14
  8286  8.374641E-14
  8287  8.371961E-14
  8288  8.369280E-14
  8289  8.366599E-14
  8290  8.363919E-14
  8291  8.361242E-14
  8292  8.358571E-14
  8293  8.355907E-14
  8294  8.353254E-14
  8295  8.350612E-14
  8296  8.347982E-14
  8297  8.345368E-14
  8298  8.342769E-14
  8299  8.340189E-14
  8300  8.337626E-14
  8301  8.335082E-14
  8302  8.332557E-14
  8303  8.330048E-14
  8304  8.327552E-14
  8305  8.325065E-14
  8306  8.322584E-14
  8307  8.320106E-14
  8308  8.317630E-14
  8309  8.315153E-14
  8310  8.312673E-14
  8311  8.310189E-14
  8312  8.307699E-14
  8313  8.305200E-14
  8314  8.302693E-14
  8315  8.300173E-14
  8316  8.297641E-14
  8317  8.295094E-14
  8318  8.292533E-14
  8319  8.289956E-14
  8320  8.287364E-14
  8321  8.284755E-14
  8322  8.282132E-14
  8323  8.279496E-14
  8324  8.276850E-14
  8325  8.274198E-14
  8326  8.271541E-14
  8327  8.268882E-14
  8328  8.266221E-14
  8329  8.263560E-14
  8330  8.260898E-14
  8331  8.258237E-14
  8332  8.255577E-14
  8333  8.252919E-14
  8334  8.250264E-14
  8335  8.247613E-14
  8336  8.244968E-14
  8337  8.242330E-14
  8338  8.239700E-14
  8339  8.237078E-14
  8340  8.234463E-14
  8341  8.231856E-14
  8342  8.229254E-14
  8343  8.226655E-14
  8344  8.224058E-14
  8345  8.221462E-14
  8346  8.218865E-14
  8347  8.216267E-14
  8348  8.213669E-14
  8349  8.211073E-14
  8350  8.208482E-14
  8351  8.205895E-14
  8352  8.203315E-14
  8353  8.200740E-14
  8354  8.198170E-14
  8355  8.195606E-14
  8356  8.193047E-14
  8357  8.190494E-14
  8358  8.187947E-14
  8359  8.185407E-14
  8360  8.182877E-14
  8361  8.180359E-14
  8362  8.177854E-14
  8363  8.175366E-14
  8364  8.172896E-14
  8365  8.170445E-14
  8366  8.168013E-14
  8367  8.165598E-14
  8368  8.163194E-14
  8369  8.160797E-14
  8370  8.158406E-14
  8371  8.156015E-14
  8372  8.153625E-14
  8373  8.151232E-14
  8374  8.148836E-14
  8375  8.146436E-14
  8376  8.144029E-14
  8377  8.141614E-14
  8378  8.139190E-14
  8379  8.136752E-14
  8380  8.134298E-14
  8381  8.131824E-14
  8382  8.129328E-14
  8383  8.126808E-14
  8384  8.124262E-14
  8385  8.121690E-14
  8386  8.119093E-14
  8387  8.116475E-14
  8388  8.113842E-14
  8389  8.111199E-14
  8390  8.108550E-14
  8391  8.105900E-14
  8392  8.103251E-14
  8393  8.100607E-14
  8394  8.097969E-14
  8395  8.095338E-14
  8396  8.092717E-14
  8397  8.090106E-14
  8398  8.087508E-14
  8399  8.084925E-14
  8400  8.082360E-14
  8401  8.079814E-14
  8402  8.077289E-14
  8403  8.074785E-14
  8404  8.072302E-14
  8405  8.069839E-14
  8406  8.067394E-14
  8407  8.064965E-14
  8408  8.062545E-14
  8409  8.060131E-14
  8410  8.057718E-14
  8411  8.055302E-14
  8412  8.052882E-14
  8413  8.050455E-14
  8414  8.048017E-14
  8415  8.045568E-14
  8416  8.043105E-14
  8417  8.040628E-14
  8418  8.038136E-14
  8419  8.035630E-14
  8420  8.033111E-14
  8421  8.030577E-14
  8422  8.028030E-14
  8423  8.025469E-14
  8424  8.022895E-14
  8425  8.020309E-14
  8426  8.017712E-14
  8427  8.015109E-14
  8428  8.012503E-14
  8429  8.009896E-14
  8430  8.007293E-14
  8431  8.004696E-14
  8432  8.002110E-14
  8433  7.999536E-14
  8434  7.996977E-14
  8435  7.994437E-14
  8436  7.991919E-14
  8437  7.989423E-14
  8438  7.986950E-14
  8439  7.984497E-14
  8440  7.982064E-14
  8441  7.979653E-14
  8442  7.977263E-14
  8443  7.974894E-14
  8444  7.972548E-14
  8445  7.970223E-14
  8446  7.967918E-14
  8447  7.965631E-14
  8448  7.963359E-14
  8449  7.961100E-14
  8450  7.958850E-14
  8451  7.956606E-14
  8452  7.954363E-14
  8453  7.952119E-14
  8454  7.949871E-14
  8455  7.947616E-14
  8456  7.945351E-14
  8457  7.943075E-14
  8458  7.940786E-14
  8459  7.938483E-14
  8460  7.936164E-14
  8461  7.933827E-14
  8462  7.931470E-14
  8463  7.929091E-14
  8464  7.926690E-14
  8465  7.924265E-14
  8466  7.921817E-14
  8467  7.919347E-14
  8468  7.916856E-14
  8469  7.914346E-14
  8470  7.911818E-14
  8471  7.909274E-14
  8472  7.906718E-14
  8473  7.904152E-14
  8474  7.901578E-14
  8475  7.898998E-14
  8476  7.896413E-14
  8477  7.893824E-14
  8478  7.891234E-14
  8479  7.888645E-14
  8480  7.886060E-14
  8481  7.883483E-14
  8482  7.880915E-14
  8483  7.878359E-14
  8484  7.875814E-14
  8485  7.873283E-14
  8486  7.870767E-14
  8487  7.868266E-14
  8488  7.865780E-14
  8489  7.863310E-14
  8490  7.860854E-14
  8491  7.858412E-14
  8492  7.855982E-14
  8493  7.853563E-14
  8494  7.851152E-14
  8495  7.848750E-14
  8496  7.846354E-14
  8497  7.843964E-14
  8498  7.841578E-14
  8499  7.839196E-14
  8500  7.836814E-14
  8501  7.834430E-14
  8502  7.832044E-14
  8503  7.829653E-14
  8504  7.827257E-14
  8505  7.824855E-14
  8506  7.822449E-14
  8507  7.820038E-14
  8508  7.817622E-14
  8509  7.815202E-14
  8510  7.812778E-14
  8511  7.810353E-14
  8512  7.807929E-14
  8513  7.805506E-14
  8514  7.803088E-14
  8515  7.800677E-14
  8516  7.798275E-14
  8517  7.795885E-14
  8518  7.793509E-14
  8519  7.791147E-14
  8520  7.788803E-14
  8521  7.786477E-14
  8522  7.784173E-14
  8523  7.781889E-14
  8524  7.779625E-14
  8525  7.777379E-14
  8526  7.775149E-14
  8527  7.772933E-14
  8528  7.770729E-14
  8529  7.768535E-14
  8530  7.766349E-14
  8531  7.764167E-14
  8532  7.761990E-14
  8533  7.759813E-14
  8534  7.757633E-14
  8535  7.755446E-14
  8536  7.753250E-14
  8537  7.751040E-14
  8538  7.748814E-14
  8539  7.746569E-14
  8540  7.744304E-14
  8541  7.742018E-14
  8542  7.739708E-14
  8543  7.737374E-14
  8544  7.735018E-14
  8545  7.732641E-14
  8546  7.730247E-14
  8547  7.727838E-14
  8548  7.725416E-14
  8549  7.722984E-14
  8550  7.720544E-14
  8551  7.718096E-14
  8552  7.715643E-14
  8553  7.713187E-14
  8554  7.710730E-14
  8555  7.708273E-14
  8556  7.705820E-14
  8557  7.703372E-14
  8558  7.700931E-14
  8559  7.698499E-14
  8560  7.696076E-14
  8561  7.693664E-14
  8562  7.691262E-14
  8563  7.688871E-14
  8564  7.686489E-14
  8565  7.684115E-14
  8566  7.681746E-14
  8567  7.679381E-14
  8568  7.677015E-14
  8569  7.674648E-14
  8570  7.672278E-14
  8571  7.669905E-14
  8572  7.667527E-14
  8573  7.665143E-14
  8574  7.662754E-14
  8575  7.660359E-14
  8576  7.657958E-14
  8577  7.655550E-14
  8578  7.653134E-14
  8579  7.650711E-14
  8580  7.648280E-14
  8581  7.645844E-14
  8582  7.643403E-14
  8583  7.640959E-14
  8584  7.638516E-14
  8585  7.636076E-14
  8586  7.633643E-14
  8587  7.631220E-14
  8588  7.628812E-14
  8589  7.626419E-14
  8590  7.624044E-14
  8591  7.621689E-14
  8592  7.619355E-14
  8593  7.617043E-14
  8594  7.614755E-14
  8595  7.612490E-14
  8596  7.610248E-14
  8597  7.608031E-14
  8598  7.605838E-14
  8599  7.603671E-14
  8600  7.601527E-14
  8601  7.599406E-14
  8602  7.597302E-14
  8603  7.595214E-14
  8604  7.593135E-14
  8605  7.591063E-14
  8606  7.588993E-14
  8607  7.586921E-14
  8608  7.584844E-14
  8609  7.582760E-14
  8610  7.580664E-14
  8611  7.578556E-14
  8612  7.576433E-14
  8613  7.574291E-14
  8614  7.572130E-14
  8615  7.569947E-14
  8616  7.567743E-14
  8617  7.565516E-14
  8618  7.563265E-14
  8619  7.560991E-14
  8620  7.558695E-14
  8621  7.556380E-14
  8622  7.554048E-14
  8623  7.551702E-14
  8624  7.549345E-14
  8625  7.546980E-14
  8626  7.544608E-14
  8627  7.542233E-14
  8628  7.539857E-14
  8629  7.537481E-14
  8630  7.535108E-14
  8631  7.532740E-14
  8632  7.530380E-14
  8633  7.528028E-14
  8634  7.525688E-14
  8635  7.523359E-14
  8636  7.521042E-14
  8637  7.518738E-14
  8638  7.516446E-14
  8639  7.514167E-14
  8640  7.511899E-14
  8641  7.509641E-14
  8642  7.507393E-14
  8643  7.505152E-14
  8644  7.502920E-14
  8645  7.500693E-14
  8646  7.498472E-14
  8647  7.496255E-14
  8648  7.494041E-14
  8649  7.491831E-14
  8650  7.489622E-14
  8651  7.487414E-14
  8652  7.485206E-14
  8653  7.482998E-14
  8654  7.480789E-14
  8655  7.478578E-14
  8656  7.476365E-14
  8657  7.474149E-14
  8658  7.471928E-14
  8659  7.469703E-14
  8660  7.467472E-14
  8661  7.465236E-14
  8662  7.462996E-14
  8663  7.460750E-14
  8664  7.458498E-14
  8665  7.456241E-14
  8666  7.453980E-14
  8667  7.451715E-14
  8668  7.449445E-14
  8669  7.447171E-14
  8670  7.444893E-14
  8671  7.442612E-14
  8672  7.440328E-14
  8673  7.438042E-14
  8674  7.435756E-14
  8675  7.433470E-14
  8676  7.431188E-14
  8677  7.428911E-14
  8678  7.426641E-14
  8679  7.424377E-14
  8680  7.422123E-14
  8681  7.419879E-14
  8682  7.417648E-14
  8683  7.415429E-14
  8684  7.413225E-14
  8685  7.411036E-14
  8686  7.408862E-14
  8687  7.406702E-14
  8688  7.404557E-14
  8689  7.402424E-14
  8690  7.400302E-14
  8691  7.398192E-14
  8692  7.396090E-14
  8693  7.393995E-14
  8694  7.391903E-14
  8695  7.389815E-14
  8696  7.387727E-14
  8697  7.385639E-14
  8698  7.383548E-14
  8699  7.381453E-14
  8700  7.379351E-14
  8701  7.377238E-14
  8702  7.375113E-14
  8703  7.372973E-14
  8704  7.370817E-14
  8705  7.368644E-14
  8706  7.366454E-14
  8707  7.364245E-14
  8708  7.362020E-14
  8709  7.359781E-14
  8710  7.357530E-14
  8711  7.355269E-14
  8712  7.353001E-14
  8713  7.350727E-14
  8714  7.348450E-14
  8715  7.346170E-14
  8716  7.343891E-14
  8717  7.341612E-14
  8718  7.339336E-14
  8719  7.337067E-14
  8720  7.334807E-14
  8721  7.332559E-14
  8722  7.330326E-14
  8723  7.328110E-14
  8724  7.325913E-14
  8725  7.323737E-14
  8726  7.321584E-14
  8727  7.319452E-14
  8728  7.317340E-14
  8729  7.315246E-14
  8730  7.313169E-14
  8731  7.311107E-14
  8732  7.309056E-14
  8733  7.307016E-14
  8734  7.304983E-14
  8735  7.302956E-14
  8736  7.300932E-14
  8737  7.298909E-14
  8738  7.296881E-14
  8739  7.294847E-14
  8740  7.292801E-14
  8741  7.290741E-14
  8742  7.288662E-14
  8743  7.286562E-14
  8744  7.284436E-14
  8745  7.282283E-14
  8746  7.280101E-14
  8747  7.277891E-14
  8748  7.275653E-14
  8749  7.273387E-14
  8750  7.271095E-14
  8751  7.268778E-14
  8752  7.266437E-14
  8753  7.264075E-14
  8754  7.261694E-14
  8755  7.259299E-14
  8756  7.256893E-14
  8757  7.254481E-14
  8758  7.252066E-14
  8759  7.249654E-14
  8760  7.247251E-14
  8761  7.244861E-14
  8762  7.242490E-14
  8763  7.240142E-14
  8764  7.237822E-14
  8765  7.235533E-14
  8766  7.233276E-14
  8767  7.231052E-14
  8768  7.228862E-14
  8769  7.226708E-14
  8770  7.224588E-14
  8771  7.222501E-14
  8772  7.220447E-14
  8773  7.218425E-14
  8774  7.216431E-14
  8775  7.214462E-14
  8776  7.212516E-14
  8777  7.210587E-14
  8778  7.208672E-14
  8779  7.206768E-14
  8780  7.204868E-14
  8781  7.202969E-14
  8782  7.201066E-14
  8783  7.199155E-14
  8784  7.197232E-14
  8785  7.195296E-14
  8786  7.193344E-14
  8787  7.191375E-14
  8788  7.189389E-14
  8789  7.187386E-14
  8790  7.185366E-14
  8791  7.183328E-14
  8792  7.181274E-14
  8793  7.179205E-14
  8794  7.177122E-14
  8795  7.175029E-14
  8796  7.172927E-14
  8797  7.170819E-14
  8798  7.168707E-14
  8799  7.166594E-14
  8800  7.164482E-14
  8801  7.162375E-14
  8802  7.160275E-14
  8803  7.158184E-14
  8804  7.156102E-14
  8805  7.154029E-14
  8806  7.151964E-14
  8807  7.149907E-14
  8808  7.147856E-14
  8809  7.145811E-14
  8810  7.143771E-14
  8811  7.141734E-14
  8812  7.139699E-14
  8813  7.137663E-14
  8814  7.135624E-14
  8815  7.133579E-14
  8816  7.131526E-14
  8817  7.129461E-14
  8818  7.127383E-14
  8819  7.125287E-14
  8820  7.123171E-14
  8821  7.121032E-14
  8822  7.118867E-14
  8823  7.116678E-14
  8824  7.114465E-14
  8825  7.112230E-14
  8826  7.109975E-14
  8827  7.107701E-14
  8828  7.105410E-14
  8829  7.103103E-14
  8830  7.100784E-14
  8831  7.098455E-14
  8832  7.096118E-14
  8833  7.093776E-14
  8834  7.091435E-14
  8835  7.089096E-14
  8836  7.086765E-14
  8837  7.084445E-14
  8838  7.082139E-14
  8839  7.079852E-14
  8840  7.077585E-14
  8841  7.075344E-14
  8842  7.073131E-14
  8843  7.070949E-14
  8844  7.068796E-14
  8845  7.066674E-14
  8846  7.064583E-14
  8847  7.062522E-14
  8848  7.060489E-14
  8849  7.058485E-14
  8850  7.056507E-14
  8851  7.054556E-14
  8852  7.052629E-14
  8853  7.050723E-14
  8854  7.048835E-14
  8855  7.046961E-14
  8856  7.045100E-14
  8857  7.043246E-14
  8858  7.041399E-14
  8859  7.039556E-14
  8860  7.037714E-14
  8861  7.035870E-14
  8862  7.034021E-14
  8863  7.032165E-14
  8864  7.030299E-14
  8865  7.028423E-14
  8866  7.026534E-14
  8867  7.024631E-14
  8868  7.022713E-14
  8869  7.020779E-14
  8870  7.018828E-14
  8871  7.016858E-14
  8872  7.014872E-14
  8873  7.012869E-14
  8874  7.010850E-14
  8875  7.008818E-14
  8876  7.006773E-14
  8877  7.004717E-14
  8878  7.002651E-14
  8879  7.000576E-14
  8880  6.998492E-14
  8881  6.996401E-14
  8882  6.994302E-14
  8883  6.992194E-14
  8884  6.990080E-14
  8885  6.987958E-14
  8886  6.985832E-14
  8887  6.983703E-14
  8888  6.981572E-14
  8889  6.979443E-14
  8890  6.977315E-14
  8891  6.975190E-14
  8892  6.973067E-14
  8893  6.970945E-14
  8894  6.968825E-14
  8895  6.966706E-14
  8896  6.964588E-14
  8897  6.962472E-14
  8898  6.960356E-14
  8899  6.958241E-14
  8900  6.956129E-14
  8901  6.954022E-14
  8902  6.951920E-14
  8903  6.949826E-14
  8904  6.947741E-14
  8905  6.945665E-14
  8906  6.943598E-14
  8907  6.941538E-14
  8908  6.939487E-14
  8909  6.937443E-14
  8910  6.935405E-14
  8911  6.933376E-14
  8912  6.931355E-14
  8913  6.929343E-14
  8914  6.927342E-14
  8915  6.925349E-14
  8916  6.923367E-14
  8917  6.921393E-14
  8918  6.919427E-14
  8919  6.917470E-14
  8920  6.915520E-14
  8921  6.913576E-14
  8922  6.911636E-14
  8923  6.909700E-14
  8924  6.907766E-14
  8925  6.905832E-14
  8926  6.903899E-14
  8927  6.901965E-14
  8928  6.900030E-14
  8929  6.898093E-14
  8930  6.896151E-14
  8931  6.894205E-14
  8932  6.892253E-14
  8933  6.890295E-14
  8934  6.888330E-14
  8935  6.886358E-14
  8936  6.884382E-14
  8937  6.882400E-14
  8938  6.880413E-14
  8939  6.878421E-14
  8940  6.876423E-14
  8941  6.874421E-14
  8942  6.872415E-14
  8943  6.870407E-14
  8944  6.868397E-14
  8945  6.866388E-14
  8946  6.864379E-14
  8947  6.862374E-14
  8948  6.860372E-14
  8949  6.858374E-14
  8950  6.856381E-14
  8951  6.854392E-14
  8952  6.852409E-14
  8953  6.850430E-14
  8954  6.848455E-14
  8955  6.846482E-14
  8956  6.844510E-14
  8957  6.842538E-14
  8958  6.840564E-14
  8959  6.838590E-14
  8960  6.836615E-14
  8961  6.834637E-14
  8962  6.832655E-14
  8963  6.830667E-14
  8964  6.828671E-14
  8965  6.826666E-14
  8966  6.824651E-14
  8967  6.822626E-14
  8968  6.820591E-14
  8969  6.818547E-14
  8970  6.816495E-14
  8971  6.814435E-14
  8972  6.812369E-14
  8973  6.810297E-14
  8974  6.808222E-14
  8975  6.806145E-14
  8976  6.804070E-14
  8977  6.801998E-14
  8978  6.799931E-14
  8979  6.797869E-14
  8980  6.795815E-14
  8981  6.793769E-14
  8982  6.791734E-14
  8983  6.789711E-14
  8984  6.787702E-14
  8985  6.785707E-14
  8986  6.783728E-14
  8987  6.781764E-14
  8988  6.779817E-14
  8989  6.777887E-14
  8990  6.775973E-14
  8991  6.774077E-14
  8992  6.772196E-14
  8993  6.770332E-14
  8994  6.768481E-14
  8995  6.766645E-14
  8996  6.764820E-14
  8997  6.763006E-14
  8998  6.761200E-14
  8999  6.759403E-14
  9000  6.757612E-14
  9001  6.755828E-14
  9002  6.754050E-14
  9003  6.752278E-14
  9004  6.750510E-14
  9005  6.748747E-14
  9006  6.746985E-14
  9007  6.745222E-14
  9008  6.743456E-14
  9009  6.741686E-14
  9010  6.739909E-14
  9011  6.738124E-14
  9012  6.736330E-14
  9013  6.734526E-14
  9014  6.732709E-14
  9015  6.730880E-14
  9016  6.729038E-14
  9017  6.727183E-14
  9018  6.725314E-14
  9019  6.723432E-14
  9020  6.721537E-14
  9021  6.719627E-14
  9022  6.717702E-14
  9023  6.715761E-14
  9024  6.713805E-14
  9025  6.711832E-14
  9026  6.709846E-14
  9027  6.707846E-14
  9028  6.705835E-14
  9029  6.703815E-14
  9030  6.701787E-14
  9031  6.699753E-14
  9032  6.697715E-14
  9033  6.695674E-14
  9034  6.693632E-14
  9035  6.691590E-14
  9036  6.689550E-14
  9037  6.687511E-14
  9038  6.685475E-14
  9039  6.683439E-14
  9040  6.681406E-14
  9041  6.679374E-14
  9042  6.677345E-14
  9043  6.675320E-14
  9044  6.673301E-14
  9045  6.671289E-14
  9046  6.669287E-14
  9047  6.667295E-14
  9048  6.665312E-14
  9049  6.663339E-14
  9050  6.661374E-14
  9051  6.659417E-14
  9052  6.657468E-14
  9053  6.655526E-14
  9054  6.653592E-14
  9055  6.651665E-14
  9056  6.649745E-14
  9057  6.647834E-14
  9058  6.645932E-14
  9059  6.644043E-14
  9060  6.642167E-14
  9061  6.640304E-14
  9062  6.638455E-14
  9063  6.636618E-14
  9064  6.634789E-14
  9065  6.632967E-14
  9066  6.631150E-14
  9067  6.629335E-14
  9068  6.627522E-14
  9069  6.625711E-14
  9070  6.623902E-14
  9071  6.622094E-14
  9072  6.620286E-14
  9073  6.618479E-14
  9074  6.616672E-14
  9075  6.614862E-14
  9076  6.613048E-14
  9077  6.611230E-14
  9078  6.609405E-14
  9079  6.607574E-14
  9080  6.605734E-14
  9081  6.603886E-14
  9082  6.602029E-14
  9083  6.600167E-14
  9084  6.598302E-14
  9085  6.596435E-14
  9086  6.594568E-14
  9087  6.592703E-14
  9088  6.590840E-14
  9089  6.588981E-14
  9090  6.587125E-14
  9091  6.585273E-14
  9092  6.583425E-14
  9093  6.581582E-14
  9094  6.579746E-14
  9095  6.577919E-14
  9096  6.576100E-14
  9097  6.574290E-14
  9098  6.572487E-14
  9099  6.570691E-14
  9100  6.568902E-14
  9101  6.567117E-14
  9102  6.565336E-14
  9103  6.563555E-14
  9104  6.561772E-14
  9105  6.559984E-14
  9106  6.558190E-14
  9107  6.556389E-14
  9108  6.554579E-14
  9109  6.552760E-14
  9110  6.550929E-14
  9111  6.549087E-14
  9112  6.547232E-14
  9113  6.545363E-14
  9114  6.543479E-14
  9115  6.541579E-14
  9116  6.539664E-14
  9117  6.537733E-14
  9118  6.535790E-14
  9119  6.533835E-14
  9120  6.531871E-14
  9121  6.529900E-14
  9122  6.527923E-14
  9123  6.525944E-14
  9124  6.523964E-14
  9125  6.521986E-14
  9126  6.520013E-14
  9127  6.518046E-14
  9128  6.516086E-14
  9129  6.514136E-14
  9130  6.512198E-14
  9131  6.510274E-14
  9132  6.508365E-14
  9133  6.506472E-14
  9134  6.504598E-14
  9135  6.502741E-14
  9136  6.500901E-14
  9137  6.499076E-14
  9138  6.497264E-14
  9139  6.495465E-14
  9140  6.493677E-14
  9141  6.491899E-14
  9142  6.490128E-14
  9143  6.488365E-14
  9144  6.486606E-14
  9145  6.484849E-14
  9146  6.483094E-14
  9147  6.481337E-14
  9148  6.479577E-14
  9149  6.477811E-14
  9150  6.476038E-14
  9151  6.474255E-14
  9152  6.472462E-14
  9153  6.470656E-14
  9154  6.468839E-14
  9155  6.467011E-14
  9156  6.465174E-14
  9157  6.463330E-14
  9158  6.461481E-14
  9159  6.459629E-14
  9160  6.457776E-14
  9161  6.455922E-14
  9162  6.454069E-14
  9163  6.452218E-14
  9164  6.450370E-14
  9165  6.448526E-14
  9166  6.446688E-14
  9167  6.444858E-14
  9168  6.443038E-14
  9169  6.441229E-14
  9170  6.439432E-14
  9171  6.437650E-14
  9172  6.435881E-14
  9173  6.434126E-14
  9174  6.432385E-14
  9175  6.430654E-14
  9176  6.428932E-14
  9177  6.427216E-14
  9178  6.425504E-14
  9179  6.423794E-14
  9180  6.422084E-14
  9181  6.420372E-14
  9182  6.418656E-14
  9183  6.416933E-14
  9184  6.415203E-14
  9185  6.413465E-14
  9186  6.411717E-14
  9187  6.409958E-14
  9188  6.408187E-14
  9189  6.406403E-14
  9190  6.404604E-14
  9191  6.402791E-14
  9192  6.400966E-14
  9193  6.399127E-14
  9194  6.397275E-14
  9195  6.395411E-14
  9196  6.393538E-14
  9197  6.391656E-14
  9198  6.389767E-14
  9199  6.387873E-14
  9200  6.385977E-14
  9201  6.384079E-14
  9202  6.382184E-14
  9203  6.380295E-14
  9204  6.378412E-14
  9205  6.376537E-14
  9206  6.374669E-14
  9207  6.372810E-14
  9208  6.370960E-14
  9209  6.369120E-14
  9210  6.367292E-14
  9211  6.365475E-14
  9212  6.363669E-14
  9213  6.361875E-14
  9214  6.360093E-14
  9215  6.358323E-14
  9216  6.356565E-14
  9217  6.354817E-14
  9218  6.353080E-14
  9219  6.351352E-14
  9220  6.349632E-14
  9221  6.347918E-14
  9222  6.346209E-14
  9223  6.344501E-14
  9224  6.342793E-14
  9225  6.341084E-14
  9226  6.339374E-14
  9227  6.337661E-14
  9228  6.335947E-14
  9229  6.334229E-14
  9230  6.332507E-14
  9231  6.330781E-14
  9232  6.329050E-14
  9233  6.327313E-14
  9234  6.325569E-14
  9235  6.323821E-14
  9236  6.322067E-14
  9237  6.320308E-14
  9238  6.318545E-14
  9239  6.316777E-14
  9240  6.315004E-14
  9241  6.313229E-14
  9242  6.311453E-14
  9243  6.309677E-14
  9244  6.307905E-14
  9245  6.306136E-14
  9246  6.304372E-14
  9247  6.302614E-14
  9248  6.300863E-14
  9249  6.299119E-14
  9250  6.297381E-14
  9251  6.295651E-14
  9252  6.293928E-14
  9253  6.292212E-14
  9254  6.290503E-14
  9255  6.288800E-14
  9256  6.287103E-14
  9257  6.285411E-14
  9258  6.283724E-14
  9259  6.282041E-14
  9260  6.280363E-14
  9261  6.278688E-14
  9262  6.277014E-14
  9263  6.275339E-14
  9264  6.273660E-14
  9265  6.271975E-14
  9266  6.270282E-14
  9267  6.268577E-14
  9268  6.266861E-14
  9269  6.265134E-14
  9270  6.263396E-14
  9271  6.261648E-14
  9272  6.259888E-14
  9273  6.258117E-14
  9274  6.256336E-14
  9275  6.254544E-14
  9276  6.252742E-14
  9277  6.250931E-14
  9278  6.249112E-14
  9279  6.247283E-14
  9280  6.245447E-14
  9281  6.243604E-14
  9282  6.241756E-14
  9283  6.239908E-14
  9284  6.238062E-14
  9285  6.236221E-14
  9286  6.234388E-14
  9287  6.232566E-14
  9288  6.230757E-14
  9289  6.228959E-14
  9290  6.227175E-14
  9291  6.225404E-14
  9292  6.223646E-14
  9293  6.221903E-14
  9294  6.220175E-14
  9295  6.218461E-14
  9296  6.216763E-14
  9297  6.215080E-14
  9298  6.213412E-14
  9299  6.211757E-14
  9300  6.210116E-14
  9301  6.208487E-14
  9302  6.206868E-14
  9303  6.205258E-14
  9304  6.203654E-14
  9305  6.202053E-14
  9306  6.200454E-14
  9307  6.198853E-14
  9308  6.197248E-14
  9309  6.195638E-14
  9310  6.194023E-14
  9311  6.192401E-14
  9312  6.190771E-14
  9313  6.189132E-14
  9314  6.187482E-14
  9315  6.185822E-14
  9316  6.184151E-14
  9317  6.182467E-14
  9318  6.180771E-14
  9319  6.179062E-14
  9320  6.177341E-14
  9321  6.175607E-14
  9322  6.173864E-14
  9323  6.172111E-14
  9324  6.170350E-14
  9325  6.168583E-14
  9326  6.166812E-14
  9327  6.165040E-14
  9328  6.163267E-14
  9329  6.161495E-14
  9330  6.159726E-14
  9331  6.157961E-14
  9332  6.156200E-14
  9333  6.154445E-14
  9334  6.152697E-14
  9335  6.150958E-14
  9336  6.149228E-14
  9337  6.147509E-14
  9338  6.145802E-14
  9339  6.144108E-14
  9340  6.142428E-14
  9341  6.140758E-14
  9342  6.139097E-14
  9343  6.137444E-14
  9344  6.135796E-14
  9345  6.134153E-14
  9346  6.132515E-14
  9347  6.130879E-14
  9348  6.129244E-14
  9349  6.127608E-14
  9350  6.125972E-14
  9351  6.124332E-14
  9352  6.122690E-14
  9353  6.121044E-14
  9354  6.119392E-14
  9355  6.117734E-14
  9356  6.116069E-14
  9357  6.114395E-14
  9358  6.112712E-14
  9359  6.111018E-14
  9360  6.109316E-14
  9361  6.107606E-14
  9362  6.105891E-14
  9363  6.104173E-14
  9364  6.102451E-14
  9365  6.100727E-14
  9366  6.099002E-14
  9367  6.097278E-14
  9368  6.095557E-14
  9369  6.093840E-14
  9370  6.092128E-14
  9371  6.090420E-14
  9372  6.088718E-14
  9373  6.087022E-14
  9374  6.085332E-14
  9375  6.083648E-14
  9376  6.081971E-14
  9377  6.080301E-14
  9378  6.078638E-14
  9379  6.076980E-14
  9380  6.075329E-14
  9381  6.073682E-14
  9382  6.072039E-14
  9383  6.070400E-14
  9384  6.068764E-14
  9385  6.067129E-14
  9386  6.065492E-14
  9387  6.063853E-14
  9388  6.062211E-14
  9389  6.060565E-14
  9390  6.058916E-14
  9391  6.057263E-14
  9392  6.055608E-14
  9393  6.053950E-14
  9394  6.052290E-14
  9395  6.050631E-14
  9396  6.048972E-14
  9397  6.047314E-14
  9398  6.045657E-14
  9399  6.044004E-14
  9400  6.042354E-14
  9401  6.040709E-14
  9402  6.039068E-14
  9403  6.037434E-14
  9404  6.035805E-14
  9405  6.034183E-14
  9406  6.032570E-14
  9407  6.030965E-14
  9408  6.029367E-14
  9409  6.027776E-14
  9410  6.026192E-14
  9411  6.024613E-14
  9412  6.023040E-14
  9413  6.021469E-14
  9414  6.019900E-14
  9415  6.018331E-14
  9416  6.016761E-14
  9417  6.015188E-14
  9418  6.013612E-14
  9419  6.012030E-14
  9420  6.010440E-14
  9421  6.008840E-14
  9422  6.007230E-14
  9423  6.005609E-14
  9424  6.003975E-14
  9425  6.002329E-14
  9426  6.000671E-14
  9427  5.999001E-14
  9428  5.997318E-14
  9429  5.995624E-14
  9430  5.993919E-14
  9431  5.992202E-14
  9432  5.990476E-14
  9433  5.988742E-14
  9434  5.987000E-14
  9435  5.985251E-14
  9436  5.983498E-14
  9437  5.981742E-14
  9438  5.979986E-14
  9439  5.978232E-14
  9440  5.976483E-14
  9441  5.974741E-14
  9442  5.973007E-14
  9443  5.971284E-14
  9444  5.969572E-14
  9445  5.967872E-14
  9446  5.966186E-14
  9447  5.964514E-14
  9448  5.962857E-14
  9449  5.961216E-14
  9450  5.959591E-14
  9451  5.957982E-14
  9452  5.956388E-14
  9453  5.954810E-14
  9454  5.953246E-14
  9455  5.951697E-14
  9456  5.950162E-14
  9457  5.948639E-14
  9458  5.947128E-14
  9459  5.945626E-14
  9460  5.944133E-14
  9461  5.942645E-14
  9462  5.941163E-14
  9463  5.939683E-14
  9464  5.938205E-14
  9465  5.936727E-14
  9466  5.935249E-14
  9467  5.933768E-14
  9468  5.932285E-14
  9469  5.930798E-14
  9470  5.929309E-14
  9471  5.927817E-14
  9472  5.926321E-14
  9473  5.924821E-14
  9474  5.923316E-14
  9475  5.921806E-14
  9476  5.920291E-14
  9477  5.918769E-14
  9478  5.917239E-14
  9479  5.915700E-14
  9480  5.914153E-14
  9481  5.912599E-14
  9482  5.911036E-14
  9483  5.909467E-14
  9484  5.907891E-14
  9485  5.906309E-14
  9486  5.904720E-14
  9487  5.903125E-14
  9488  5.901523E-14
  9489  5.899914E-14
  9490  5.898297E-14
  9491  5.896674E-14
  9492  5.895042E-14
  9493  5.893401E-14
  9494  5.891752E-14
  9495  5.890094E-14
  9496  5.888430E-14
  9497  5.886759E-14
  9498  5.885085E-14
  9499  5.883408E-14
  9500  5.881729E-14
  9501  5.880048E-14
  9502  5.878364E-14
  9503  5.876679E-14
  9504  5.874993E-14
  9505  5.873307E-14
  9506  5.871620E-14
  9507  5.869933E-14
  9508  5.868247E-14
  9509  5.866563E-14
  9510  5.864880E-14
  9511  5.863200E-14
  9512  5.861525E-14
  9513  5.859858E-14
  9514  5.858198E-14
  9515  5.856546E-14
  9516  5.854902E-14
  9517  5.853266E-14
  9518  5.851639E-14
  9519  5.850020E-14
  9520  5.848410E-14
  9521  5.846808E-14
  9522  5.845213E-14
  9523  5.843626E-14
  9524  5.842047E-14
  9525  5.840476E-14
  9526  5.838914E-14
  9527  5.837359E-14
  9528  5.835813E-14
  9529  5.834275E-14
  9530  5.832743E-14
  9531  5.831217E-14
  9532  5.829695E-14
  9533  5.828176E-14
  9534  5.826659E-14
  9535  5.825143E-14
  9536  5.823627E-14
  9537  5.822109E-14
  9538  5.820590E-14
  9539  5.819069E-14
  9540  5.817545E-14
  9541  5.816021E-14
  9542  5.814494E-14
  9543  5.812967E-14
  9544  5.811437E-14
  9545  5.809904E-14
  9546  5.808368E-14
  9547  5.806827E-14
  9548  5.805283E-14
  9549  5.803735E-14
  9550  5.802186E-14
  9551  5.800635E-14
  9552  5.799084E-14
  9553  5.797535E-14
  9554  5.795989E-14
  9555  5.794448E-14
  9556  5.792913E-14
  9557  5.791385E-14
  9558  5.789865E-14
  9559  5.788354E-14
  9560  5.786850E-14
  9561  5.785355E-14
  9562  5.783868E-14
  9563  5.782390E-14
  9564  5.780921E-14
  9565  5.779461E-14
  9566  5.778012E-14
  9567  5.776573E-14
  9568  5.775146E-14
  9569  5.773727E-14
  9570  5.772315E-14
  9571  5.770906E-14
  9572  5.769498E-14
  9573  5.768089E-14
  9574  5.766675E-14
  9575  5.765254E-14
  9576  5.763823E-14
  9577  5.762378E-14
  9578  5.760919E-14
  9579  5.759444E-14
  9580  5.757950E-14
  9581  5.756437E-14
  9582  5.754904E-14
  9583  5.753347E-14
  9584  5.751767E-14
  9585  5.750162E-14
  9586  5.748533E-14
  9587  5.746878E-14
  9588  5.745200E-14
  9589  5.743500E-14
  9590  5.741780E-14
  9591  5.740045E-14
  9592  5.738296E-14
  9593  5.736536E-14
  9594  5.734770E-14
  9595  5.733002E-14
  9596  5.731236E-14
  9597  5.729475E-14
  9598  5.727723E-14
  9599  5.725983E-14
  9600  5.724257E-14
  9601  5.722549E-14
  9602  5.720862E-14
  9603  5.719199E-14
  9604  5.717562E-14
  9605  5.715954E-14
  9606  5.714374E-14
  9607  5.712824E-14
  9608  5.711302E-14
  9609  5.709808E-14
  9610  5.708341E-14
  9611  5.706901E-14
  9612  5.705485E-14
  9613  5.704092E-14
  9614  5.702719E-14
  9615  5.701363E-14
  9616  5.700021E-14
  9617  5.698688E-14
  9618  5.697362E-14
  9619  5.696039E-14
  9620  5.694717E-14
  9621  5.693391E-14
  9622  5.692059E-14
  9623  5.690716E-14
  9624  5.689360E-14
  9625  5.687987E-14
  9626  5.686595E-14
  9627  5.685183E-14
  9628  5.683750E-14
  9629  5.682297E-14
  9630  5.680823E-14
  9631  5.679328E-14
  9632  5.677812E-14
  9633  5.676277E-14
  9634  5.674723E-14
  9635  5.673153E-14
  9636  5.671569E-14
  9637  5.669975E-14
  9638  5.668372E-14
  9639  5.666765E-14
  9640  5.665157E-14
  9641  5.663550E-14
  9642  5.661948E-14
  9643  5.660354E-14
  9644  5.658773E-14
  9645  5.657207E-14
  9646  5.655659E-14
  9647  5.654129E-14
  9648  5.652619E-14
  9649  5.651127E-14
  9650  5.649653E-14
  9651  5.648198E-14
  9652  5.646759E-14
  9653  5.645336E-14
  9654  5.643926E-14
  9655  5.642527E-14
  9656  5.641137E-14
  9657  5.639751E-14
  9658  5.638369E-14
  9659  5.636985E-14
  9660  5.635597E-14
  9661  5.634202E-14
  9662  5.632795E-14
  9663  5.631373E-14
  9664  5.629934E-14
  9665  5.628474E-14
  9666  5.626991E-14
  9667  5.625486E-14
  9668  5.623957E-14
  9669  5.622406E-14
  9670  5.620832E-14
  9671  5.619238E-14
  9672  5.617625E-14
  9673  5.615995E-14
  9674  5.614353E-14
  9675  5.612700E-14
  9676  5.611039E-14
  9677  5.609375E-14
  9678  5.607711E-14
  9679  5.606051E-14
  9680  5.604400E-14
  9681  5.602761E-14
  9682  5.601137E-14
  9683  5.599530E-14
  9684  5.597945E-14
  9685  5.596381E-14
  9686  5.594842E-14
  9687  5.593328E-14
  9688  5.591840E-14
  9689  5.590377E-14
  9690  5.588939E-14
  9691  5.587526E-14
  9692  5.586135E-14
  9693  5.584765E-14
  9694  5.583412E-14
  9695  5.582074E-14
  9696  5.580747E-14
  9697  5.579428E-14
  9698  5.578112E-14
  9699  5.576797E-14
  9700  5.575479E-14
  9701  5.574154E-14
  9702  5.572821E-14
  9703  5.571479E-14
  9704  5.570125E-14
  9705  5.568759E-14
  9706  5.567380E-14
  9707  5.565988E-14
  9708  5.564582E-14
  9709  5.563162E-14
  9710  5.561727E-14
  9711  5.560279E-14
  9712  5.558816E-14
  9713  5.557341E-14
  9714  5.555854E-14
  9715  5.554358E-14
  9716  5.552855E-14
  9717  5.551346E-14
  9718  5.549832E-14
  9719  5.548316E-14
  9720  5.546799E-14
  9721  5.545283E-14
  9722  5.543769E-14
  9723  5.542256E-14
  9724  5.540745E-14
  9725  5.539234E-14
  9726  5.537724E-14
  9727  5.536214E-14
  9728  5.534705E-14
  9729  5.533199E-14
  9730  5.531694E-14
  9731  5.530193E-14
  9732  5.528696E-14
  9733  5.527204E-14
  9734  5.525716E-14
  9735  5.524234E-14
  9736  5.522758E-14
  9737  5.521287E-14
  9738  5.519822E-14
  9739  5.518364E-14
  9740  5.516913E-14
  9741  5.515468E-14
  9742  5.514031E-14
  9743  5.512602E-14
  9744  5.511182E-14
  9745  5.509772E-14
  9746  5.508373E-14
  9747  5.506985E-14
  9748  5.505606E-14
  9749  5.504234E-14
  9750  5.502867E-14
  9751  5.501503E-14
  9752  5.500141E-14
  9753  5.498780E-14
  9754  5.497418E-14
  9755  5.496055E-14
  9756  5.494689E-14
  9757  5.493316E-14
  9758  5.491938E-14
  9759  5.490552E-14
  9760  5.489158E-14
  9761  5.487753E-14
  9762  5.486337E-14
  9763  5.484907E-14
  9764  5.483464E-14
  9765  5.482006E-14
  9766  5.480534E-14
  9767  5.479049E-14
  9768  5.477554E-14
  9769  5.476050E-14
  9770  5.474539E-14
  9771  5.473023E-14
  9772  5.471504E-14
  9773  5.469984E-14
  9774  5.468463E-14
  9775  5.466944E-14
  9776  5.465427E-14
  9777  5.463915E-14
  9778  5.462410E-14
  9779  5.460912E-14
  9780  5.459423E-14
  9781  5.457944E-14
  9782  5.456477E-14
  9783  5.455021E-14
  9784  5.453579E-14
  9785  5.452149E-14
  9786  5.450731E-14
  9787  5.449323E-14
  9788  5.447925E-14
  9789  5.446535E-14
  9790  5.445153E-14
  9791  5.443776E-14
  9792  5.442403E-14
  9793  5.441032E-14
  9794  5.439662E-14
  9795  5.438291E-14
  9796  5.436919E-14
  9797  5.435544E-14
  9798  5.434165E-14
  9799  5.432782E-14
  9800  5.431393E-14
  9801  5.430000E-14
  9802  5.428603E-14
  9803  5.427201E-14
  9804  5.425795E-14
  9805  5.424385E-14
  9806  5.422972E-14
  9807  5.421558E-14
  9808  5.420143E-14
  9809  5.418727E-14
  9810  5.417312E-14
  9811  5.415897E-14
  9812  5.414483E-14
  9813  5.413073E-14
  9814  5.411666E-14
  9815  5.410264E-14
  9816  5.408868E-14
  9817  5.407480E-14
  9818  5.406097E-14
  9819  5.404721E-14
  9820  5.403350E-14
  9821  5.401984E-14
  9822  5.400622E-14
  9823  5.399265E-14
  9824  5.397910E-14
  9825  5.396557E-14
  9826  5.395203E-14
  9827  5.393848E-14
  9828  5.392490E-14
  9829  5.391131E-14
  9830  5.389769E-14
  9831  5.388404E-14
  9832  5.387037E-14
  9833  5.385665E-14
  9834  5.384289E-14
  9835  5.382908E-14
  9836  5.381519E-14
  9837  5.380122E-14
  9838  5.378715E-14
  9839  5.377298E-14
  9840  5.375871E-14
  9841  5.374433E-14
  9842  5.372985E-14
  9843  5.371526E-14
  9844  5.370059E-14
  9845  5.368584E-14
  9846  5.367104E-14
  9847  5.365620E-14
  9848  5.364133E-14
  9849  5.362644E-14
  9850  5.361153E-14
  9851  5.359662E-14
  9852  5.358171E-14
  9853  5.356682E-14
  9854  5.355195E-14
  9855  5.353714E-14
  9856  5.352240E-14
  9857  5.350776E-14
  9858  5.349326E-14
  9859  5.347891E-14
  9860  5.346475E-14
  9861  5.345078E-14
  9862  5.343699E-14
  9863  5.342338E-14
  9864  5.340994E-14
  9865  5.339665E-14
  9866  5.338349E-14
  9867  5.337045E-14
  9868  5.335751E-14
  9869  5.334465E-14
  9870  5.333186E-14
  9871  5.331912E-14
  9872  5.330640E-14
  9873  5.329370E-14
  9874  5.328098E-14
  9875  5.326822E-14
  9876  5.325538E-14
  9877  5.324245E-14
  9878  5.322939E-14
  9879  5.321617E-14
  9880  5.320278E-14
  9881  5.318922E-14
  9882  5.317550E-14
  9883  5.316163E-14
  9884  5.314764E-14
  9885  5.313354E-14
  9886  5.311936E-14
  9887  5.310510E-14
  9888  5.309080E-14
  9889  5.307647E-14
  9890  5.306214E-14
  9891  5.304782E-14
  9892  5.303354E-14
  9893  5.301931E-14
  9894  5.300517E-14
  9895  5.299112E-14
  9896  5.297719E-14
  9897  5.296340E-14
  9898  5.294975E-14
  9899  5.293625E-14
  9900  5.292291E-14
  9901  5.290972E-14
  9902  5.289667E-14
  9903  5.288371E-14
  9904  5.287082E-14
  9905  5.285798E-14
  9906  5.284516E-14
  9907  5.283235E-14
  9908  5.281952E-14
  9909  5.280666E-14
  9910  5.279375E-14
  9911  5.278079E-14
  9912  5.276774E-14
  9913  5.275462E-14
  9914  5.274139E-14
  9915  5.272806E-14
  9916  5.271462E-14
  9917  5.270105E-14
  9918  5.268736E-14
  9919  5.267354E-14
  9920  5.265960E-14
  9921  5.264553E-14
  9922  5.263135E-14
  9923  5.261710E-14
  9924  5.260281E-14
  9925  5.258851E-14
  9926  5.257421E-14
  9927  5.255996E-14
  9928  5.254575E-14
  9929  5.253160E-14
  9930  5.251752E-14
  9931  5.250351E-14
  9932  5.248959E-14
  9933  5.247575E-14
  9934  5.246201E-14
  9935  5.244838E-14
  9936  5.243485E-14
  9937  5.242145E-14
  9938  5.240818E-14
  9939  5.239505E-14
  9940  5.238206E-14
  9941  5.236920E-14
  9942  5.235648E-14
  9943  5.234388E-14
  9944  5.233136E-14
  9945  5.231891E-14
  9946  5.230649E-14
  9947  5.229407E-14
  9948  5.228165E-14
  9949  5.226921E-14
  9950  5.225674E-14
  9951  5.224423E-14
  9952  5.223167E-14
  9953  5.221906E-14
  9954  5.220638E-14
  9955  5.219363E-14
  9956  5.218078E-14
  9957  5.216784E-14
  9958  5.215477E-14
  9959  5.214158E-14
  9960  5.212824E-14
  9961  5.211476E-14
  9962  5.210112E-14
  9963  5.208733E-14
  9964  5.207340E-14
  9965  5.205935E-14
  9966  5.204519E-14
  9967  5.203094E-14
  9968  5.201661E-14
  9969  5.200223E-14
  9970  5.198780E-14
  9971  5.197335E-14
  9972  5.195887E-14
  9973  5.194440E-14
  9974  5.192994E-14
  9975  5.191551E-14
  9976  5.190112E-14
  9977  5.188679E-14
  9978  5.187255E-14
  9979  5.185840E-14
  9980  5.184439E-14
  9981  5.183053E-14
  9982  5.181684E-14
  9983  5.180333E-14
  9984  5.179001E-14
  9985  5.177687E-14
  9986  5.176391E-14
  9987  5.175112E-14
  9988  5.173850E-14
  9989  5.172605E-14
  9990  5.171374E-14
  9991  5.170156E-14
  9992  5.168948E-14
  9993  5.167749E-14
  9994  5.166557E-14
  9995  5.165369E-14
  9996  5.164182E-14
  9997  5.162995E-14
  9998  5.161805E-14
  9999  5.160611E-14
 10000  5.159409E-14
